channel,datetime,content
global,2024-01-19 17:49:26,据天眼查披露的信息显示，厦门殿前万达广场商业管理有限公司在1月16日发生股权变更，公司股东由珠海万达商业管理集团股份有限公司变更为厦门金昇阳置业有限公司，法定代表人由高茜变更为金溢。（澎湃）
global,2024-01-19 17:48:23,国寿安保基金发布董事长变更公告，王军辉因工作调整离任董事长一职，离任时间为2024年1月17日，于泳为新董事长。
global,2024-01-19 17:43:12,天目湖：预计2023年净利润1.4亿元-1.55亿元，同比增加589.42%到663.29%。
global,2024-01-19 17:42:24,Kepler Cheuvreux将LVMH集团公司评级下调至持有，目标价710欧元。
global,2024-01-19 17:41:41,据广期所1月19日消息，2024年1月18日，广期所碳酸锂期货首个合约LC2401顺利完成交割，交割量共计11351手（11351吨），交割金额11.12亿元。其中，滚动交割10776手，占比94.93%；一次性交割575手，占比5.07%。首次交割的的顺利开展，意味着碳酸锂期货经历了完整的运行周期，运行平稳，功能得到初步发挥。（上证报）
global,2024-01-19 17:41:03,贝莱德表示预计美联储将在6月开始降息，早于欧洲央行；而欧元区未来需要进一步放宽政策。贝莱德高级投资策略师Laura Cooper表示：“我们更倾向于6月份降息、然后重新校准政策”；预计美联储年底前降息75至100个基点。紧随美联储首次降息之后的是欧洲央行，英国央行可能在欧洲央行之后降息。”交易员押注美联储将在5月份首次降息，Cooper表示市场在定价方面变得“非常活跃”，“仍然需要进行一定程度的重新定价。（彭博）
global,2024-01-19 17:41:01,国家金融监督管理总局广东监管局党委委员、副局长陈晓勇表示，车险综合改革“降价、增保、提质”的阶段性目标全面达成，商业车险单均保费较综改前下降532元；三者险平均保额263.99万元，较综改前提升162.64万元，增幅超一倍。广东落实进一步扩大商业车险自主定价系数浮动范围的政策要求，为消费者进一步让利。（上证报）
global,2024-01-19 17:37:59,安井食品：授权公司管理层启动公司境外发行股份（H 股）并在香港联合交易所有限公司上市相关筹备工作。
global,2024-01-19 17:36:37,习近平在“国家工程师奖”首次评选表彰之际作出重要指示强调，坚定科技报国为民造福理想，加快实现高水平科技自立自强服务高质量发展。（新华社）
global,2024-01-19 17:35:32,欣旺达发布声明称，近日，公司获悉有诈骗分子冒用欣旺达名义开展虚假投融资平台APP进行诈骗。对此，欣旺达严正声明：公司从未授权任何单位或个人开发投资、理财类App平台；从未出具过任何相关文件或通过任何App平台组织相关投资活动或发布投资产品；从未发布过任何投融资App内测版本上线，更不存在发布注册并绑定实名即可领取体验产品的情况。（欣旺达微信公号）
global,2024-01-19 17:32:49,从广东省交通运输厅了解到，预计2024年春运广东全省旅客发送量约1.27亿人次，同比2023年增长24.8%。其中，道路约6800万人次，同比增长18.85%；水路约600万人次，同比增长25%；铁路约4510万人次，同比增长34.5%；民航约797万人次，同比增长27%。全省高速公路预计车流总量约2.75亿车次，同比增长6.59%。（央视新闻）
global,2024-01-19 17:32:26,诺和诺德和礼来的GLP-1糖尿病药物在美国提价。当地时间1月18日，据报道，多家药企在2024年1月上半个月提高了775种品牌药物在美国的市场销售价格，其中包括诺和诺德的Ozempic（司美格鲁肽糖尿病适应证的英文商品名）以及礼来的Mounjaro（Tirzepatide糖尿病适应证的英文商品名）。<p>关于药品提价的幅度，报道援引一家非营利性药品定价分析机构的分析指出，涨幅中位数为4.5%，有些药品的价格涨幅约为10%甚至更高。药品价格的增幅中位数高于通胀率。具体到GLP-1药物上，Ozempic的价格上涨了3.5%，这导致患者每月在该药上的花费接近970美元。Mounjaro上涨了4.5%，每月的花费涨至近1070美元。（澎湃）</p>
global,2024-01-19 17:30:16,北上资金今日净买入贵州茅台7.76亿元、工商银行3.72亿元，净卖出隆基绿能3.75亿元、比亚迪3.39亿元。
global,2024-01-19 17:28:07,佳鑫国际资源投资据悉聘请中金负责潜在香港上市事宜，该公司据悉考虑通过IPO融资7亿至10亿元人民币。（彭博）
global,2024-01-19 17:25:51,招商银行业绩快报：2023年净利润1466亿元，同比增长6.22%。
global,2024-01-19 17:25:13,国家金融监督管理总局向各保险公司下发《关于规范人身保险公司银行代理渠道业务有关事项的通知》，从保险公司的银保渠道产品设计、费用管理及佣金支付、经营结果回溯到监管部门的监督检查、行业自律作用，对银保业务进行了全链条、全过程规范，要求保险公司严格落实“报行合一”工作。 所谓“报行合一”，是指严格落实“按规定使用经备案的产品条款和费率”的监管要求。新华保险对此表示，“报行合一”是保险市场健康发展的必然趋势。（上证报）
global,2024-01-19 17:15:20,长白山：预计2023年净利润约为1.36亿元到1.46亿元，将出现扭亏为盈；2023年长白山景区接待游客数量与上年同期相比有较大的幅度增长，公司营收与上年同期相比增长约4.34亿元。
global,2024-01-19 17:10:49,据港交所文件，摩根大通在1月16日将其在小鹏汽车的港股股份的多头头寸从4.94%增至5.17%。  |https://wpimg-wscn.awtmt.com/6f3754a0-0f23-4ff9-9b87-d9c70b26bf05.png|
global,2024-01-19 17:10:36,剑桥科技：公司的1.6T光模块产品尚处于研发阶段，将在2024年OFC展会上Live Demo的第一代1.6T光模块产品为研发阶段样品，且2024年下半年小批量发货仅为公司关键客户的要求以及公司的预期，是否能实现小批量发货存在不确定性。
global,2024-01-19 17:09:39,据中央纪委国家监委驻中信集团纪检监察组、天津市纪委监委消息：中信投资控股有限公司原党委委员、副董事长张旭（正职级）涉嫌严重违纪违法，目前正在接受中央纪委国家监委驻中信集团纪检监察组和天津市蓟州区监委纪律审查和监察调查。（中央纪委国家监委网站）
global,2024-01-19 17:08:45,上交所发布《上海证券交易所上市公司自律监管指引第10号——纪律处分实施标准（2024年1月修订）》。新增科创板公司违规处理标准。明确科创板上市公司适用《纪律处分实施标准》，将科创板上市公司的核心技术人员纳入相关监管对象，并重点明确了红筹企业重大非关联交易及关联交易违规、红筹企业存托凭证相关信息披露违规、科创属性相关事项信息披露违规、表决权差异安排违规、违反科创板特别规定的股票买卖行为等处理标准。
global,2024-01-19 17:07:10,华体科技：终止认购莫桑比克九州资源公司85%股权并涉及锂矿矿权投资。
global,2024-01-19 17:06:48,上交所发布《上海证券交易所上市公司自律监管指引第10号——纪律处分实施标准（2024年1月修订）》的通知。通知指出，落实独立董事制度改革，总结、评估、完善现行独立董事违规处理标准，进一步优化独立董事追责逻辑，体现过罚相当、精准监管。大力惩处资金占用，新增资金占用违规中一定期间不接受该控股股东、实际控制人及其控制的其他发行人提交的发行上市申请文件的处理标准。
global,2024-01-19 17:05:54,据路透社报道，当地时间19日，美国阿特拉斯航空公司表示，一架飞机从迈阿密国际机场起飞后不久，发动机出现故障，现已安全降落。航空信息网站Flightaware的数据显示，事故飞机为一架波音747 8型货机。（央视新闻）
global,2024-01-19 17:04:14,Coinbase美股盘前涨超0.7%，此前花旗将Coinbase目标价从90美元上调至151美元。
global,2024-01-19 17:03:54,美股芯片股盘前持续走高，AMD涨超2%，ARM、英伟达均涨超1%，台积电涨0.6%。
global,2024-01-19 17:01:22,伦敦金属交易所（LME）：铜库存157875吨，增加550吨。铝库存555225吨，减少1075吨。镍库存69576吨，增加138吨。锌库存202050吨，减少2075吨。铅库存112225吨，减少400吨。锡库存7030吨，增加10吨。
global,2024-01-19 17:00:49,在最新披露的四季报中，不少基金经理向投资者袒露心声，有的反省自己在投资操作上的一些误判，并表达诚挚的歉意。有的坦言自己在业绩出现较大下滑时，内心的沉重和巨大压力。有的则继续向投资者传递乐观情绪，希望投资人信任自己，一起“风雨同舟”！（澎湃）
global,2024-01-19 16:59:56,多家媒体报道称，当地时间1月19日，以色列国防军对黎巴嫩南部10多个目标发动了空袭，目前暂无人员伤亡情况报告。以军也没有对袭击事件发表评论。（央视新闻）
global,2024-01-19 16:57:55,科大讯飞在投资者互动平台称，公司将于1月30日发布星火认知大模型V3.5。
global,2024-01-19 16:57:09,中国国际金融股份有限公司披露全资子公司中金财富2023年度未经审计的主要财务数据，中金财富2023年1-12月实现营业收入66.67亿元，营业利润18.78亿元，利润总额18.62亿元，净利润14.84亿元，归属于中金财富所有者的净利润14.84亿元。
global,2024-01-19 16:56:28,河北省人民政府新闻办公室召开2023年河北经济运行情况新闻发布会，根据地区生产总值统一核算结果，全年地区生产总值43944.1亿元，按不变价格计算，比上年增长5.5%。分产业看，第一产业增加值4466.2亿元，增长2.6%；第二产业增加值16435.3亿元，增长6.2%；第三产业增加值23042.6亿元，增长5.5%。（澎湃）
global,2024-01-19 16:54:14,上海多家瑞幸咖啡店员证实，1月22日茅台和瑞幸咖啡新推出的联名产品为一款酱香巧克力饮品。“配方和酱香拿铁差不多，但价格目前还不清楚，要以小程序上的为准。”19日下午，记者向贵州茅台方面求证，相关工作人员表示，一切以公告为准。从目前茅台和瑞幸展示的宣传图来看，新联名的包装和酱香拿铁十分相似。不过，多位瑞幸店员告诉记者，目前酱香拿铁“买的人不多”，门店日均销量仅有几杯。（澎湃）
global,2024-01-19 16:52:41,朱雀三号可重复使用火箭垂直返回技术在我国酒泉卫星发射中心完成首次飞行试验。此次试验由蓝箭航天VTVL-1试验箭完成，验证了低空低速状态下的火箭垂直回收能力、控制系统与发动机调推性能的匹配性以及火箭垂直回收的制导控制算法。“这为朱雀三号实现2025年‘首飞’奠定重要技术基础。”朱雀三号总指挥戴政说。（央视新闻）
global,2024-01-19 16:46:00,其中提到，项目资本金测算按不高于项目总投资的70%考虑，“十四五”期间，中央预算内投资安排标准如下：西部、东北、中部地区干线铁路项目累计安排规模分别不高于资本金的40%、40%、30%安排。东部、中部、西部省份重点城市群跨省和区域骨干城际铁路项目累计安排规模分别不高于资本金的10%、15%、20%。铁路货运能力提升项目安排规模不高于资本金的20%。
global,2024-01-19 16:40:03,今天上午，神舟十七号航天员在地面支持配合下，打开天舟七号货运飞船舱门，开始进行物资转运工作。（央视新闻）
global,2024-01-19 16:37:31,据中央纪委国家监委驻中国国家铁路集团有限公司纪检监察组、河北省纪委监委消息：中国国家铁路集团有限公司工程管理中心原主任李志义因涉嫌严重违纪违法，目前正接受中央纪委国家监委驻中国国家铁路集团有限公司纪检监察组纪律审查和河北省监察委员会监察调查。（中央纪委国家监委网站）
global,2024-01-19 16:32:50,"2023年，全国新设立外商投资企业53766家，同比增长39.7%；实际使用外资金额11339.1亿元人民币，同比下降8.0%，规模仍处历史高位。<p>从行业看，制造业实际使用外资金额3179.2亿元人民币，下降1.8%，其中高技术制造业实际使用外资增长6.5%。医疗仪器设备及仪器仪表制造业、电子及通信设备制造业分别增长32.1%、12.2%。服务业实际使用外资金额7760.8亿元人民币，下降13.4%。建筑业、科技成果转化服务、研发与设计服务领域实际使用外资分别增长43.7%、8.9%和4.1%。高技术产业引资4233.4亿元人民币，占实际使用外资金额比重为37.3%，较2022年全年提升1.2个百分点，创历史新高。</p><p>从来源地看，法国、英国、荷兰、瑞士、澳大利亚实际对华投资分别增长84.1%、81.0%、31.5%、21.4%、17.1%（含通过自由港投资数据）。（商务部<a href=""http://www.mofcom.gov.cn/article/xwfb/xwrcxw/202401/20240103467642.shtml"" rel=""nofollow"">网站</a>）</p>"
global,2024-01-19 16:31:02,据成都发布，根据地区生产总值统一核算结果，2023年四川实现地区生产总值60132.9亿元，按可比价格计算比上年增长6.0%，这是四川GDP首次突破6万亿元大关。
global,2024-01-19 16:30:31,广东省人民政府印发中国（广东）自由贸易试验区提升战略行动方案。其中提出，促进数据跨境安全有序流动。支持南沙（粤港澳）数据服务试验区、国际海缆登陆站、区域性国际互联网出入口局建设。推进前海全业务关口局、互联网骨干直联点、中新国际互联网数据专用通道、海缆登陆站服务区建设。支持横琴打造国际数据合作产业发展集聚区，启动澳门科技大学—大湾区科研数据跨境专网试点。（广东省人民政府网站）
global,2024-01-19 16:30:27,在岸人民币兑美元北京时间16:30官方收报7.1938，较上一交易日官方收盘价涨8点，较上日夜盘收盘涨22点。  |https://wpimg-wscn.awtmt.com/b50fc5cd-b1cd-4d25-8992-c799840ee440.png|
global,2024-01-19 16:30:15,瑞士央行行长Jordan：通胀预测表明无需加息。
global,2024-01-19 16:29:39,广东省人民政府印发中国（广东）自由贸易试验区提升战略行动方案。其中提出， 建立期现货联动市场体系。支持前海联合交易中心建设大宗商品交易平台，拓展交易品种，争取粮食贸易企业依托前海联合交易中心参与线上现货交易。支持南沙建设期货产业集聚区，支持企业申请设立大宗商品交割仓（厂）库、期货保税交割仓。推动广州期货交易所交易品种研究和上市。到2025年，争取广州期货交易所上市期货品种达到5个以上。（广东省人民政府网站）
global,2024-01-19 16:27:34,根据地区生产总值统一核算结果，2023年全年辽宁全省地区生产总值30209.4亿元，按不变价格计算，比上年增长5.3%，比全国高0.1个百分点。其中，第一产业增加值2651.0亿元，增长4.7%；第二产业增加值11734.5亿元，增长5.0%；第三产业增加值15823.9亿元，增长5.5%。（辽宁发布微信公号）
global,2024-01-19 16:26:33,深圳机场：预计2023年净利润3.6亿元-4.5亿元，上年同期净亏损11.4亿元；随着航空市场需求的逐步恢复，旅客吞吐量同比上升144.6%，航班起降架次同比上升66.8%。
global,2024-01-19 16:23:25,生态环境部印发《关于推进实施水泥行业超低排放的意见》和《关于推进实施焦化行业超低排放的意见》。
global,2024-01-19 16:22:16,广东印发中国（广东）自由贸易试验区提升战略行动方案。其中提出，建成高水平对外开放引领区。高水平对外开放体制机制更加完善，服务业对外开放水平大幅提升，进一步形成具有全球竞争力的国际化营商环境。到2025年，争取累计注册外商投资企业突破3万家，累计实际利用外资金额突破700亿美元。打造高标准国际贸易枢纽区。海陆空铁联运物流体系更加完善，跨境资金流动便利化水平显著提高，国际航运枢纽功能更趋完善，国际贸易新业态蓬勃发展。到2025年，争取进出口总额突破8000亿元。（广东省人民政府网站）
global,2024-01-19 16:18:10,截至港股收盘，港股通（沪）每日额度420.00亿元剩余401.67亿元，占比95.64%；截至港股收盘，港股通（深）每日额度420.00亿元剩余414.62亿元，占比98.72%。
global,2024-01-19 16:11:05,截至收盘，医药、科技、工业股下挫，翰森制药跌近4%领跌蓝筹，中国生物制药跌逾3%，华虹半导体跌逾5%，信义玻璃跌近4%。
global,2024-01-19 16:03:10,据中国驻多民族玻利维亚国大使馆经济商务处公告，1月17日，在玻利维亚总统路易斯. 阿尔塞见证下，宁德时代—宁德邦普—洛阳钼业联合体代表周清华与玻国家锂业公司总裁卡尔德隆在玻总统府签署《波托西省乌尤尼盐湖基于直接提锂技术建设中试工厂协议》。（澎湃）
global,2024-01-19 16:02:02,德国DAX指数涨0.42%，法国CAC40指数涨0.57%，英国富时100指数涨0.68%，欧洲斯托克50指数涨0.49%。
global,2024-01-19 16:00:53,"越南VN指数收盘涨1.1%，报1,181.50点。"
global,2024-01-19 16:00:19,港股中宝新材尾盘一度跌超80%，现跌57.41%，成交1.98亿港元。  |https://wpimg-wscn.awtmt.com/b7c81b04-7cbb-41f0-b369-1d9379251edf.png|
global,2024-01-19 15:53:00,全国政协19日在京召开2023年度宏观经济形势分析座谈会，中共中央政治局常委、全国政协主席王沪宁出席并讲话。王沪宁表示，要聚焦中央经济工作会议部署的重点任务深入调查研究、积极协商议政、开展民主监督，助推中共中央决策部署落实落地。广大政协委员要发挥自身优势，把握好经济运行规律和舆论传播规律，宣传阐释好中共中央大政方针和经济政策，全面、辩证、长远看待我国经济发展形势，助力提振发展信心，稳定改善社会预期，唱响中国经济光明论。（新华社）
global,2024-01-19 15:51:46,花旗：将Coinbase目标价从90美元上调至151美元。
global,2024-01-19 15:47:27,波音公司：预计到2042年南亚需要2705架新飞机。
global,2024-01-19 15:40:09,路透社记者提问，昨天印度最高产业政策官员在达沃斯世界经济论坛上表示，如果中印两国在边境问题上保持和平，印度可以放松对中国投资的严格审查，外交部对此有何回应？“近年来外界一直质疑印方对中国在印企业采取的歧视性措施和选择性执法背后有其他考量。如果有关报道属实，恰好证明外界的质疑不是空穴来风。”毛宁说。（澎湃新闻）
global,2024-01-19 15:34:02,交易员加码对英国央行降息的押注，预计今年降息114个基点。
global,2024-01-19 15:25:37,巴克莱资本股份有限公司将诺基亚评级下调至低配。
global,2024-01-19 15:25:08,多部门联合召开2024年全国春运电视电话会议：今年春运期间人员流动规模将显著超过疫情前水平，铁路、民航客运量有望创历史新高。（澎湃新闻）
global,2024-01-19 15:17:47,继本周前三个交易日分别180亿、176亿和312亿巨量成交后，4只规模靠前的沪深300ETF今日成交额保持强劲，华泰柏瑞沪深300ETF、易方达沪深300ETF、华夏沪深300ETF和嘉实沪深300ETF今日成交额分别达到120.79亿、57.49亿、39.62亿、39.22亿，4只沪深300ETF合计成交额257.12亿。在本周前四个交易日里，4只沪深300ETF合计资金净流入372.47亿元。
global,2024-01-19 15:16:54,上期所：本周铜库存增加4668吨，铝库存增加20吨，锌库存减少2522吨，铅库存减少20989吨，镍库存减少82吨，锡库存增加273吨，天然橡胶库存增加9647吨。
global,2024-01-19 15:15:03,国债期货收盘，30年期主力合约涨0.33%，10年期主力合约涨0.14%，5年期主力合约涨0.12%，2年期主力合约涨0.06%。
global,2024-01-19 15:08:54,北京市政府新闻办举行2023年北京经济运行情况新闻发布会。根据地区生产总值统一核算结果，2023年全年北京实现地区生产总值43760.7亿元，按不变价格计算，比上年增长5.2%。北京经济持续回升向好，发展质量稳步提升。分产业看，第一产业实现增加值105.5亿元，下降4.6%；第二产业实现增加值6525.6亿元，增长0.4%；第三产业实现增加值37129.6亿元，增长6.1%。（北京日报）
global,2024-01-19 15:02:46,英国零售数据公布后，英镑兑美元跌0.3%至1.2674。
global,2024-01-19 15:02:10,1、沪指今日震荡调整，创业板指盘中跌超1%，北证50指数则涨超2.5%。2、游戏股全天强势，惠程科技、游族网涨停。旅游板块反弹拉升，云南旅游、丽江股份涨停。3、外贸概念股继续活跃，洪兴股份、永艺股份等涨停。“华字辈”个股继续活跃，深中华A9连板，华升股份、华瓷股份3连板。4、下跌方面，光伏板块走低，江苏华辰、清源股份触及跌停，金刚光伏、海优新材、艾罗能源等跌超10%；鸿蒙概念股下挫，延华智能尾盘跌停，亚华电子跌超10%。5、个股跌多涨少，两市超4000股飘绿，今日成交6666亿元。6、截止收盘沪指跌0.47%，深成指跌0.68%，创业板指跌0.98%。
global,2024-01-19 15:01:51,截至15:01，深股通每日额度520.00亿元剩余562.93亿元，占比108.26%；截至15:01，沪股通每日额度520.00亿元剩余514.12亿元，占比98.87%。
global,2024-01-19 15:01:35,中证转债指数收跌0.09%，镇洋转债跌超8%，欧晶转债跌超4%，润达转债跌近4%；N神码转涨超14%，起步转债涨超4%。
global,2024-01-19 15:01:01,沪指收报2832.28点，跌0.47%。深成指收报8787.02点，跌0.68%。创业板指收报1715.44点，跌0.98%。
global,2024-01-19 15:01:00,科创50指数收报765.47点，跌0.37%。
global,2024-01-19 15:00:52,国内商品期货多数收涨，低硫燃油、铁矿石、棕榈油、原油涨逾2%，纯碱、焦煤、焦炭、尿素、玻璃涨逾1%；集运欧线跌近4%，鸡蛋跌逾1%。
global,2024-01-19 15:00:16,德国12月PPI同比 21.6%，预期 -8%，前值 -7.9%。
global,2024-01-19 15:00:16,德国12月PPI环比 -0.4%，预期 -0.4%，前值 -0.5%。
global,2024-01-19 15:00:02,英国12月零售销售环比 -3.2%，预期 -0.5%，前值 1.3%。
global,2024-01-19 15:00:02,英国12月核心零售销售同比 -2.1%，预期 1.4%，前值 0.3%。
global,2024-01-19 15:00:02,英国12月核心零售销售环比 -3.3%，预期 -0.7%，前值 1.3%。
global,2024-01-19 15:00:02,英国12月零售销售同比 -2.4%，预期 1.1%，前值 0.1%。
global,2024-01-19 14:46:25,【华泰柏瑞沪深300ETF连续第二个交易日成交额突破100亿元】易方达沪深300ETF、华夏沪深300ETF尾盘均再度出现放量情形。
global,2024-01-19 14:34:42,据媒体报道，欧洲农业食品贸易商CELCAA指出，航运问题对猪肉、乳制品和葡萄酒等产品出口，以及茶叶、香料和家禽进口的一个隐忧。与此同时，英国零售巨头Tesco Plc警告称，运输中断可能导致某些商品通胀上升。为了躲避红海航道的危机，食品和畜牧运输船不得不花费更高成本、更多时间绕道非洲航行，但与天然气、石油和消费品货物不同，更长的航运时间可能导致易腐食品无法销售。
global,2024-01-19 14:33:38,"韩国首尔综指收涨1.3%，报2,472.74点。"
global,2024-01-19 14:18:43,巴斯夫全年销售额初步数据689亿欧元，市场预估704.2亿欧元。全年调整后EBIT初步数据38.1亿欧元，市场预估38.5亿欧元。
global,2024-01-19 14:10:33,华晨集团发布澄清公告称，近日公司关注到有市场传闻称“华晨集团正考虑出售华晨宝马剩余25%股份”。经公司核实，上述报道不真实。截至公告披露日，公司未得到任何来自于政府部门、监管机构或公司股东有关上述传闻的书面或口头的信息。
global,2024-01-19 14:07:52,1月19日，中国（上海）自由贸易试验区临港新片区举行国际数据经济产业创新大会，会上发布了《临港新片区数据跨境流动分类分级管理办法（试行）》。《管理办法》以企业共性需求最迫切的细分领域为切入口，对跨境数据进行分类管理，同时将跨境数据从高到低依次分为核心数据、重要数据、一般数据3个级别，核心数据禁止跨境，重要数据形成重要数据目录，一般数据形成一般数据清单。（上证报）
global,2024-01-19 14:05:06,1月18日，记者从东莞市相关部门获悉，针对近日网传的广东永奥投资集团有限公司濒临破产、旗下多家汽车品牌门店停业的事件，东莞市南城街道、寮步镇已组成调查组，依法依规采取了资产保全等措施，积极保护相关人员合法权益。群众如有诉求，可通过东莞市网上信访投诉平台，或拨打12345政务服务便民热线合法反映情况。据悉，针对员工工资拖欠，政府调查组已派员进驻永奥公司，登记人员信息，搜查相关证据；针对车辆交付困难，政府调查组已就该公司旗下4S店车辆交付情况进行调查登记，依法优先保障已全款购车车主的合法权益。（央视新闻）
global,2024-01-19 14:04:04,恒生科技指数下跌2%，恒生指数下跌1.12%，瀚森制药、中国生物制药均跌超4%，理想汽车跌超3%。
global,2024-01-19 14:01:37,日经225指数收涨1.4%，报35963.27点；日本东证指数涨0.7%，报2510.03点。
global,2024-01-19 13:39:35,恒生科技指数跌幅扩大至1%，早盘一度涨超1%；恒生指数现跌0.38%。
global,2024-01-19 13:39:32,沪深两市成交额突破5000亿。
global,2024-01-19 13:37:56,台积电台股收涨6.12%，台积电Q4净利润及营收双双超预期。  |https://wpimg-wscn.awtmt.com/c31b1def-b419-4cfc-8d79-11c68211ca30.png|
global,2024-01-19 13:35:49,据上海市春运办预测，今年春运客流将呈现对外交通客流总量同比明显增长，市内交通客运量维持平稳，路网通行体量仍维持相对高位的特征。对外交通方面，客流总量同比明显增长。预计春运到发客流总量达4237万人次，同比增长49%，较2019年同期减少5%。其中，铁路同比增长47%，较2019年同期增长13%，将创历年春运新高；民航同比增长55%，较2019年同期减少6%；道路客运同比增长35%，较2019年同期减少82%。受春节假期时间调整影响，对外交通节前发送高峰预计在2月7日（腊月廿八）前后，节后返程客流预计在2月17日（正月初八）和2月25日（正月十六）前后呈双高峰。（澎湃新闻）
global,2024-01-19 13:35:34,A股工业母机概念探底回升，青海华鼎涨停，华东数控、伊之密、华辰装备、海天精工等跟涨。
global,2024-01-19 13:22:52,1月18日，特斯拉设计负责人弗朗茨·冯·霍兹豪森（Franz von Holzhausen）来到上海，首次向中国用户解读特斯拉一脉相承的设计语言，提出未来特斯拉的新车设计将坚持安全、高效、简洁，用户体验优先。对于特斯拉的中国元素，弗朗茨表示，特斯拉会保证产品满足中国市场的独特需求。“这也是设计、工程、制造团队扎根中国的原因。在这一过程中要做许多考量和平衡，要保证车辆的安全性和基本品质。”弗朗茨进一步表示，中国市场的需求在变化，特斯拉希望在中国、欧洲等市场的产品可以满足当地的需求，进而带来很好的销量。“我们花时间和精力倾听不同市场的需求，将本地需求融入产品设计中，从设计和工程角度保证我们的产品安全、美观。”（上证报）
global,2024-01-19 13:17:57,昨天，华泰柏瑞沪深300ETF、华夏上证50ETF成交额突破百亿元，分别为152.57亿元、108.02亿元，创下自2016年以来的单日成交额新高。今天上午，它们的成交额分别为77.2亿元、58.4亿元。另外，易方达沪深300ETF、嘉实沪深300ETF、华夏沪深300ETF也延续放量态势，上午分别成交33.8亿元、26.7亿元、16.4亿元。（中证报)
global,2024-01-19 13:14:19,澳大利亚S&P/ASX 200指数收涨1%，报7421.20点。
global,2024-01-19 13:13:28,有消息称，最大的国有证券经纪公司中信已停止向个人投资者借出股票。中信证券相关人员向记者表示，目前没有接到融券交易暂停相关的通知。（上证报）
global,2024-01-19 13:08:49,国债期现货持续走高，30年国债期货再创历史新高现涨0.2%，最高报102.92，10年国债期货涨0.1%。银行间利率债收益率普遍下行，10年期国债活跃券收益率于2.5%关口徘徊，报2.5020%；10年期国开债活跃券收益率下行0.7bp，报2.7220%。  |https://wpimg-wscn.awtmt.com/0cd63707-0a0e-4f60-8ac1-5ac558e9a336.png||https://wpimg-wscn.awtmt.com/27b70dce-ceb9-467a-97b7-e3c0dcd4d37b.png|
global,2024-01-19 13:02:48,中共天津市委金融委员会办公室、中共天津市委金融工作委员会、天津市地方金融管理局今日挂牌成立。 (21财经)
global,2024-01-19 12:40:19,上海钢联发布的数据显示，今日电池级碳酸锂价格较上次持平，均价报9.8万元/吨。
global,2024-01-19 12:30:56,中国工商银行原党委委员、纪委书记刘立宪被开除党籍。工信部：落实落细车购税减免等优惠政策，加大车用芯片、高级别自动驾驶等技术攻关；2023年我国汽车出口首次跃居全球第一。据新华社，朝鲜进行水下核武器系统试验。工信部：进一步推动智能网联汽车商业化应用。据央视新闻，我国在河南发现自然界最富铈的硅酸盐矿物倪培石。中国人民银行将进一步提高货币政策委员会咨询议事效率。茅台宣布与瑞幸咖啡再度联名，将于1月22日推出新品。A股三大指数早盘小幅下跌，游戏、旅游板块逆势走强。香港恒生指数半日跌0.20%，恒生科技指数跌0.65%。煤炭股走强。
global,2024-01-19 12:30:08,日本11月第三产业活动指数环比 -0.7%，预期 0.2%，前值 -0.8%。
global,2024-01-19 12:16:55,近日郭庆已入职京东，或将接管达达集团，直接向京东集团兼零售CEO许冉汇报，此前他已担任许冉的顾问，负责研究探索机器人相关业务。这发生在郭庆所创业的橡鹭科技获得京东数千万元融资后不久。有内部人士表示，京东之所以投资橡鹭科技，真实目的就是挖角郭庆，为其入职京东做准备。“作为一家炒菜人公司，橡鹭科技与京东主业并不协同，除非是纯财务投资”。 (36氪)
global,2024-01-19 12:11:48,1月19日，星展银行（中国）有限公司宣布，已获批中国银行间债券市场非金融企业债务融资工具承销商资格，可以从事全部类别债务融资工具承销业务。
global,2024-01-19 12:03:56,近期，消息显示广东永奥投资集团旗下80多家4S店突发状况倒闭，门店展厅和库房资产包括尚未交付给消费者的车辆疑似被银行扣押。据悉，该公司代理汽车品牌包括问界、奥迪、大众、奔驰、宝马、路虎、捷豹、沃尔沃等。华为智选车方面透露，事件发生后，华为联合赛力斯第一时间成立专项工作组赶赴现场，主动和银行方面沟通，提前转移31台尚未交付的车辆，并计划赎回抵押给银行的车辆合格证，后续将安排用户在另外一家问界门店完成交付。其他还有在该用户中心订车的用户，由于车辆没有到店，直接后台操作订单转移到其他用户中心。（Auto有范儿）
global,2024-01-19 12:00:54,马来西亚第四季度GDP同比增长3.4%，预估4.1%。2023年GDP增长3.8%，预估4%。
global,2024-01-19 11:59:29,1月19日，据贵州茅台官方微博19日官宣，1月22日将与瑞幸再次联手推出新春新品。  |https://wpimg-wscn.awtmt.com/ac49a3e5-0020-421a-ab50-3f2048252d1a.png|
global,2024-01-19 11:49:04,北京航空航天大学原党委常委、副校长张广被“双开”。（新华社）
global,2024-01-19 11:38:59,据中纪委消息，经中共中央批准，中央纪委国家监委对中国工商银行股份有限公司原党委委员、纪委书记刘立宪严重违纪违法问题进行了立案审查调查。经查，刘立宪丧失理想信念，背弃初心使命，对党不忠诚不老实，违规获取境外身份并长期隐瞒不报；违反中央八项规定精神，接受旅游活动安排；无视组织原则，在干部选拔、职工录用中为他人谋利并收受财物；清廉底线失守，违规收受礼品礼金消费卡，长期借用管理和服务对象车辆；干预和插手市场经济活动；执纪违纪，执法犯法，严重损害纪检监察干部形象，把组织赋予的权力当作谋取私利的工具，大搞权钱交易，利用职务便利为他人在案件处理、企业经营等方面谋利，并非法收受巨额财物。<p>刘立宪严重违反党的政治纪律、组织纪律、廉洁纪律和工作纪律，构成严重职务违法并涉嫌受贿犯罪，性质严重，影响恶劣，应予严肃处理。依据《中国共产党纪律处分条例》《中华人民共和国监察法》《中华人民共和国公职人员政务处分法》等有关规定，经中央纪委常委会会议研究并报中共中央批准，决定给予刘立宪开除党籍处分；按规定取消其享受的待遇；收缴其违纪违法所得；将其涉嫌犯罪问题移送检察机关依法审查起诉，所涉财物一并移送。</p>
global,2024-01-19 11:31:00,科创50指数早盘收报764.40点，跌0.51%。
global,2024-01-19 11:31:00,沪指早盘收报2832.29点，跌0.47%。深成指早盘收报8814.81点，跌0.36%。创业板指早盘收报1721.97点，跌0.60%。
global,2024-01-19 11:30:04,国家市场监督管理总局公示“华为技术有限公司与成都高新投资集团有限公司等经营者收购鼎桥通信技术有限公司股权案”。具体交易概况为，华为与成都高投集团等经营者拟共同收购鼎桥公司100%的股权，鼎桥公司主要从事行业客户通信解决方案的研发和推广业务。本次交易前，华为和Nokia Solutionsand Networks GmbH & Co.KG间接合计持有鼎桥公司100%股权并共同控制鼎桥公司。交易后，华为、成都高投集团、成都高新集萃科技有限公司、华盖创业投资管理有限公司等经营者将通过其共同设立的持股公司合计持有鼎桥公司100%股权，共同控制鼎桥公司。
global,2024-01-19 11:30:00,国债期货早盘收盘，30年期主力合约涨0.19%，10年期主力合约涨0.10%，5年期主力合约涨0.11%，2年期主力合约涨0.05%。
global,2024-01-19 11:29:21,北证50指数涨超3%，鸿智科技、联迪信息均30cm涨停，美之高、驰诚股份、流金科技、丰光精密十余股涨超10%，242只北交所个股中，近230股处于上涨状态。
global,2024-01-19 11:14:53,据中国网，工信部副部长辛国斌在新闻发布会上表示，下一步，将全力推动工业互联网高质量发展和规模化应用。一是加强政策引导，出台推动工业互联网高质量发展指导意见，实施标识“贯通”行动，再出台一批工业互联网细分行业应用指南，进一步优化工业互联网发展政策环境，促进规模应用。二是加快创新发展，深入实施工业互联网创新发展工程，突破一批关键技术，加快一批攻关成果产业化应用，再制定推广一批国家标准、行业标准、团体标准，进一步夯实工业互联网发展的技术产业基础。<p>三是加速生态培育，深入开展新一轮工业互联网“百城千园行”活动，遴选一批高水平国家级“5G+工业互联网”融合应用先导区，推动政策、技术、标准、产品、服务等一体化进园区、进基地、进集群，为促进数实融合、推进新型工业化提供更坚实支撑。</p>
global,2024-01-19 11:11:02,工业和信息化部副部长辛国斌还指出，智能网联汽车发展上，车路协同还不够充分，过去有一些传统思路，就是希望把车端打造为全能的、所有问题都希望通过车端来解决，中国提出实施车路云协同发展思路，该由车端解决的问题通过车端解决，该由路端解决的问题由路端解决，该由云端解决的问题由云端来解决。其中，也存在着一些无序竞争行为，部分地方和企业还存在盲目上马、重复建设新能源汽车项目情况，这些都需要引起高度重视，要采取有力措施来加以解决。（中国网）
global,2024-01-19 11:10:53,工信部副部长辛国斌表示，下一步将会同相关部门进一步加强宏观指导，加强行业管理，推动汽车产业高质量发展。要落实落细车购税减免等优惠政策，开展好公共领域车辆全面电动化试点和新能源汽车下乡活动，积极扩大新能源汽车消费，保持产业稳定运行。要支持企业开展联合创新，加大车用芯片、全固态电池、高级别自动驾驶等技术攻关，进一步提升产品市场竞争力。（中国网）
global,2024-01-19 11:08:32,银行间回购利率变动不大，截至北京时间11:00，隔夜回购利率较上日下行约2bp，报1.7154%；7天期回购利率上行约1bp，报1.8453%。  |https://wpimg-wscn.awtmt.com/0cc77371-3ca4-410f-9b20-691990709bfd.png|
global,2024-01-19 11:01:48,隔夜SHIBOR报1.7240%，下降1.00个基点。7天SHIBOR报1.8310%，上涨1.20个基点。3个月SHIBOR报2.4000%，上涨0.00个基点。  |https://wpimg-wscn.awtmt.com/f49f000e-999a-40b6-9f2b-282cb8b39864.png|
global,2024-01-19 10:51:44,巴克莱称，日本央行本月预计将维持政策不变，日元兑美元可能跌至150。该行外汇策略师Shinichiro Kadota表示，美元兑日元面临上行风险，因为对美联储快速降息的预期存在修正空间。该汇率是否会进一步升破152将取决于美国经济状况。不过，鉴于日本央行可能在4月加息，而海外央行开始降息，美元兑日元预计将从春季开始小幅走低。
global,2024-01-19 10:51:03,A股新型工业化概念异动拉升，青海华鼎涨停，华东数控、华辰装备、伊之密、华中数控等纷纷冲高。
global,2024-01-19 10:46:22,天眼查App显示，近日，华为技术有限公司申请注册“华为车联网云服务”“华为OTA云服务”“华为数字钥匙”“华为座舱”“华为智能卫士”等商标，国际分类包括科学仪器、运输工具等，当前商标状态为等待实质审查。
global,2024-01-19 10:44:14,工信部总工程师赵志国表示，下一步，工信部将会同产学研用各方，加强跨部门协作，持续推进5G应用规模化发展不断取得新成效。一是加强政策引导。研究出台5G应用发展接续政策，充分发挥政策引导作用，推动5G全产业链全价值链高质量发展。二是深化网络覆盖。加快5G网络建设，推动重点场所实现移动网络深度覆盖。推进5G行业虚拟专网建设，为行业转型发展提供网络支撑。三是加快应用拓展。聚焦重点行业应用场景，树立示范标杆，加强推广应用，促进5G应用规模化发展。四是提升创新能力。加强5G融合应用标准体系建设，持续推动5G-A、5G轻量化等技术演进和产品研发。加快6G技术研究，开展技术试验，强化技术储备，深化交流合作。（中国网）
global,2024-01-19 10:43:01,今天上午，国务院新闻办公室举行新闻发布会，介绍2023年工业和信息化发展情况。发布会上相关负责人介绍，2023年，我国汽车产销双双突破3000万辆，产销分别同比增长11.6%和12%，创历史新高，连续15年保持全球第一。汽车出口491万辆，同比增长57.9%，首次跃居全球第一。（央视新闻）
global,2024-01-19 10:40:46,据朝中社19日援引朝鲜国防省发言人的话报道，朝鲜在东部水域对“海啸-5-23”水下核武器系统进行了试验，旨在应对美日韩近日举行的海上联合演习。（新华社）
global,2024-01-19 10:40:04,工信部运行监测协调局局长陶青表示，加快制造业数字化转型是顺应新工业革命趋势、提升工业现代化水平、建设现代化产业体系的必然要求。下一步，工信部将重点抓好四个方面：一是筑牢基础，加快底层标准协议、数据流通规则、网络设施架构等堵点、卡点的统一部署、统一建设。二是一体推进，构建数字化评估诊断、场景培育、改造示范、推广应用协同推进的工作体系。三是供需联动，强化供需对接，提升数字化转型的效率。四是分类施策，培育深耕细分领域的专业服务商团队，坚持分企施策，鼓励数字化基础较好的企业加快向智能化方向升级，加快其他行业企业关键业务数字化普及。（中国网）
global,2024-01-19 10:35:12,创业板指下挫跌逾1％，沪指跌0.51％，深成指跌0.64％。光伏、证券、华为概念等方向跌幅居前，沪深京三市下跌个股近4000只。
global,2024-01-19 10:32:01,今天上午，国务院新闻办公室举行新闻发布会，介绍2023年工业和信息化发展情况。发布会上相关负责人介绍，截至2023年底，我国5G移动电话用户达8.05亿户。根据研究机构测算，预计2023年5G直接带动经济总产出1.86万亿元，比2022年增长29%。（央视新闻）
global,2024-01-19 10:29:39,日本财务大臣铃木俊一：密切关注外汇市场。外汇市场反映基本面很重要。
global,2024-01-19 10:29:21,据国家发改委官方公众号，1月17日，国家发展改革委党组成员郭兰峰同志在湖南省长沙市主持召开民营企业家座谈会。蓝思科技中国区总裁江南、航天环宇董事长兼总经理李完小、奇安信集团助理总裁徐碧江围绕企业发展情况和工作建议作交流发言。会议指出，国家发展改革委始终高度重视民营经济发展，将一如既往支持民营企业发展壮大，立足自身职责及时协调解决民营企业发展中面临的困难问题。
global,2024-01-19 10:28:09,北向资金净卖额达50亿元。
global,2024-01-19 10:21:05,商务部电子商务司负责人介绍2023年我国电子商务发展情况。扩大消费新动能更加强劲。全年网上零售额15.42万亿元，增长11%，连续11年成为全球第一大网络零售市场；实物商品网零占社零比重增至27.6%，创历史新高；绿色、健康、智能、“国潮”商品备受青睐，国产品牌销售额占重点监测品牌比重超过65%；促进家居消费政策出台以来，8-12月适老家具、家庭影院、家用装饰品分别同比增长372.1%、153.3%和64.6%。
global,2024-01-19 10:16:07,据外交部，当地时间2024年1月18日，中共中央政治局委员、外交部长王毅在巴西利亚会见巴西外长维埃拉。王毅表示，世界进入新的动荡变革期，中巴作为东西半球最大发展中国家和新兴市场经济体代表，应加强团结合作，共同应对全球性挑战。中方支持巴方主办二十国集团领导人里约峰会，支持巴西在国际和地区事务中发挥更大作用，愿同巴方携手构建持久和平、普遍安全、开放包容、共同繁荣、清洁美丽的世界，呵护好人类居住的唯一星球。
global,2024-01-19 10:12:51,据《环球时报》援引欧洲新闻网消息，世界卫生组织（WHO）日前发布了全球烟草使用流行趋势报告。报告称，2022年全球吸烟者数量呈下降趋势，约有1/5（12.45亿）的成年人吸烟，2000年这一比例为1/3。预计到2025年，全球吸烟者数量将降至12亿。
global,2024-01-19 10:12:14,1月19日，在国务院新闻办举行的2023年工业和信息化发展情况新闻发布会上，工业和信息化部副部长辛国斌表示，信息通信业加快发展。数字经济核心产业发展壮大，2023年全年电信业务收入同比增长6.2%，电子信息制造业筑底企稳，软件业量效齐升，互联网行业稳步恢复。网络基础设施不断夯实，累计建成5G基站337.7万个，网络服务能力持续升级，算力总规模全球第二，超每秒2万亿亿次浮点运算，融合应用全面深化，工业互联网实现41个工业大类全覆盖。（澎湃新闻）
global,2024-01-19 10:10:11,今天（19日）上午，国务院新闻办公室举行新闻发布会，介绍2023年工业和信息化发展情况。发布会上相关负责人介绍，工业经济总体呈现回升向好态势，信息通信业加快发展，高质量发展扎实推进。2023年，全年规模以上工业增加值同比增长4.6%，较2022年提升1个百分点。省份、行业增长面“双扩”，十大重点行业、十个工业大省增长“稳定器”作用凸显。制造业总体规模连续14年保持全球第一。（央视新闻）
global,2024-01-19 10:04:25,恒生科技指数涨超1%，网易、阅文集团涨超4%。
global,2024-01-19 10:03:40,富时中国A50指数期货短线拉升，涨幅扩大至1%。
global,2024-01-19 09:58:46,A股三大股指盘中转涨，手机游戏、家用轻工、传媒等板块涨幅居前，两市超3000家个股飘红。
global,2024-01-19 09:58:18,MSCI亚太指数上涨1%至163.70点。
global,2024-01-19 09:43:18,北证50日涨幅超2%，鸿智科技、联迪信息均30cm涨停，迅安科技、雷特科技、硅烷科技、鑫汇科、天马新材等均涨超10%。
global,2024-01-19 09:40:09,A股有机硅板块继续走强，晨光新材4连板，集泰股份涨超7%，三孚股份、宏柏新材、兴发集团、硅宝科技等跟涨。
global,2024-01-19 09:34:34,A股光模块概念反复活跃，剑桥科技2连板，意华股份、铭普光磁、中际旭创、太辰光、光迅科技等跟涨。
global,2024-01-19 09:31:57,当地时间1月18日，美国中国总商会2024农历龙年颁奖晚宴在纽约举行，中国商务部部长王文涛发表视频致辞。王文涛强调，中美元首旧金山会晤达成重要共识，为两国经贸关系发展指明了方向。2024年，中国商务部将认真落实两国元首重要共识，在相互尊重、和平共处、合作共赢基础上，与美方加强对话、管控分歧，努力为两国企业提供稳定预期，为各层级经贸交流合作营造良好条件。中方将扩大高水平对外开放，持续优化营商环境，推动解决企业合理关切。希望美国中国总商会继续发挥好桥梁作用，为促进中美经贸合作贡献力量。
global,2024-01-19 09:30:03,国债期货开盘，30年期主力合约涨0.07%，10年期主力合约涨0.05%，5年期主力合约涨0.02%，2年期主力合约涨0.01%。
global,2024-01-19 09:26:57,中证转债指数开盘涨0.01%，N神码转涨超10%，花王转债涨超3%，水羊转债涨超1%。
global,2024-01-19 09:26:10,科创50指数开盘报767.24点，跌0.14%。
global,2024-01-19 09:25:36,沪指开盘报2836.97点，跌0.31%。深成指开盘报8821.77点，跌0.29%。创业板指开盘报1726.55点，跌0.34%。北证50指数开盘涨0.39%。
global,2024-01-19 09:21:44,恒指开盘涨0.08%，报15404.69点，恒生科技指数跌0.16%。金山软件跌超4%，万国数据跌3%，哔哩哔哩、京东集团跌超1%。
global,2024-01-19 09:20:41,中国央行今日开展710亿元7天期逆回购操作，中标利率为1.8%，与此前持平。今日有650亿元逆回购到期。本周，本周实现全口径净投放15560亿元。
global,2024-01-19 09:15:57,人民币兑美元中间价报7.1167，上调7点；上一交易日中间价7.1174，上一交易日官方收盘价7.1946，上日夜盘报收7.1960。
global,2024-01-19 09:10:27,据华胜天成集团官微，1月15日—16日，华为云生态大会2024在华为云贵安数据中心.云上屯举办，华胜天成作为华为云SI伙伴受邀出席。会议期间，华胜天成集团董事长王维航，华胜天成集团高级副总裁胡增强等领导，与华为公司副总裁、华为云中国区总裁张修征，华为云SI伙伴发展总经理毛涧等领导进行了高层会晤。多年来，华胜天成集团与华为云一直保持良好的合作和互信关系，在技术方案融合、开发者生态共建、联合市场活动等均有深度合作，并持续落地实践成果。
global,2024-01-19 09:09:47,台积电股价在台北一度涨逾6%，此前业绩展望向好。
global,2024-01-19 09:04:31,自然资源部中国地质调查局今天发布消息，我国在河南一个稀土矿中发现的一种新矿物正式通过国际矿物学会审批，并被命名为倪培石。这种新矿物，在新材料等领域具有重要的科学价值。这个叫倪培石的新矿物发现于河南省太平镇稀土矿，颜色为浅红至红棕色，是目前在自然界中发现的铈元素含量最多的硅酸盐矿物，并以我国地质学家倪培教授的名字命名。（央视新闻）
global,2024-01-19 09:00:34,国内期货主力合约涨多跌少，SC原油、集运指数涨超2%，纯碱、淀粉、焦煤、棕榈油涨超1%，铁矿、低硫燃料油（LU）、苯乙烯（EB）涨近1%。跌幅方面，丁二烯橡胶（BR）、沪锌小幅下跌。
global,2024-01-19 09:00:19,富时中国A50指数期货盘初涨0.34%，上一交易日夜盘收涨0.36%。
global,2024-01-19 08:38:53,截至1月18日，上交所融资余额报8190.22亿元，较前一交易日减少38.71亿元；深交所融资余额报7407.88亿元，较前一交易日减少28.63亿元；两市合计15598.10亿元，较前一交易日减少67.34亿元。
global,2024-01-19 08:37:13,据广东省纪委监委消息：广东省东莞市委原常委、市纪委原书记甄瑞潮涉嫌严重违纪违法，目前正接受广东省纪委监委纪律审查和监察调查。
global,2024-01-19 08:34:42,截至1月18日，上交所融资余额报8190.22亿元，较前一交易日减少38.71亿元；深交所融资余额报7407.88亿元，较前一交易日减少28.63亿元；两市合计15598.1亿元，较前一交易日减少67.34亿元。
global,2024-01-19 08:23:05,1月19日，易方达基金披露旗下产品的2023年四季报，张坤管理的易方达蓝筹精选在2023年四季度股票仓位基本稳定，并调整了消费和医药等行业的配置结构。具体来看，该基金的前十大重仓股分别是贵州茅台、五粮液、洋河股份、泸州老窖、腾讯控股、中国海洋石油、香港交易所、招商银行、药明生物、美团-W。与2023年三季度末的持仓相比，前十大重仓股没有变化，股票仓位从三季度末的94.17%降至四季度末的93.71%。（中证金牛座）  |https://wpimg-wscn.awtmt.com/67001b25-83bd-4f37-90a5-decc542a1257.png|
global,2024-01-19 08:21:42,中信证券研报指出，目前房地产市场仍处于下行通道。房贷按揭利率有较大的下降空间，限购政策也有放松的趋势。预计到2024年，政策将逐渐稳定房地产市场的基本面，而二手房市场的表现可能会与一手房市场有所不同。
global,2024-01-19 08:20:08,据新华财经，记者1月18日从中国人民银行了解到，中国人民银行将进一步提高货币政策委员会咨询议事效率，充分发挥货币政策委员会促进货币政策科学制定和执行的职能，加强政策沟通、稳定市场预期，为经济回升向好营造良好的货币金融环境。中国人民银行、金融监管总局将严格落实相关要求，强化机构监管、行为监管、功能监管、穿透式监管、持续监管，不断完善配套制度，严把准入关口，加强与其他相关部门和地方党委政府的监管协作，履行好监管职责，不断提升金融服务实体经济的能力和水平。
global,2024-01-19 08:12:09,据中国天气网，明天（1月20日）起，今年首场寒潮过程将逐渐展开影响，多地开启“速冻”模式降温或超14℃。南方将现今冬来最强雨雪天气，北方的内蒙古、黑龙江一带将面临-35℃甚至-40℃的极寒考验。直到下周二左右，这波寒潮影响才接近尾声，届时，长沙、上海、杭州将加入气温破冰点行列。
global,2024-01-19 08:03:50,美国联邦贸易委员会（FTC）：建议禁止InMarket销售、或允许（第三方）使用敏感的定位信息、或根据此类信息训练出来的产品。<p>见闻美股注：<br/>1、1月18日，美国FTC投票，一致决定给出如上建议。<br/>2、1月9日，FTC已经针对数据中介X-Mode达成类似的解决方案。</p>
global,2024-01-19 08:03:45,华夏基金公告，近期，华夏基金管理有限公司旗下华夏野村日经225交易型开放式指数证券投资基金（扩位简称：日经ETF）二级市场交易价格明显高于基金份额参考净值，出现较大幅度溢价。特此提示投资者关注二级市场交易价格溢价风险，投资者如果盲目投资，可能遭受重大损失。为保护投资者的利益，本基金将于2024年1月19日开市起至当日10:30停牌。
global,2024-01-19 08:02:22,日经225指数开盘上涨1.3%，报35913.72点。日本东证指数开盘上涨1.1%。韩国首尔综指开盘上涨1.2%。
global,2024-01-19 08:00:22,晨星公司分析师们表示，美国可持续基金行业2023年遭遇130亿美元净资金外流，为（十年前开始追踪这个行业以来）历史上首次出现资金外流，因为投资表现低于平均水平等缘故。
global,2024-01-19 07:56:12,据香港经济日报，碧桂园位于九龙城的珑碧住宅项目（Allegro）正以最高达30%的折扣推出新房。最新销售的包括30个单位，折扣后价格为380万港元至782万港元。该项目于2022年5月首次推出。
global,2024-01-19 07:55:52,血氧检测专利持有人Masimo Corp.的CEO Joe Kiani建议，消费者最好不要使用苹果公司智能手表Apple Watch设备上的血氧检测功能，而应当直接从Masimo公司或其他来源购买脉搏血氧检测仪。Kiani认为：“苹果假装自身向消费者提供的检测设备是一种可靠的医疗脉搏血氧检测仪，但实际上并非如此……真的，我竭诚地认为消费者最好还是不要买苹果的。”对此，苹果回应称，Kiani的说法不实，Apple Watch的血氧检测功能是精确的，该功能非常出色，某些情况下甚至能救命。<p>见闻美股注：苹果公司与Masimo已经围绕血氧检测专利闹上法庭，美国国际贸易委员会（ITC）裁定禁止美国进口苹果特定版本的、带血氧检测功能的Apple Watch。根据美国上诉法院的裁决，暂缓苹果Watch进口禁令的临时措施已经在近日失效。</p>
global,2024-01-19 07:51:11,恒信东方19日发布澄清公告，公司于2024年1月18日在公司微信公众号发布“快讯：苹果亚太区开发者关系团队造访！”，该篇公众号文章系公司的常规公众号宣传报道，不涉及任何协议签订事宜。此次到访公司的人员为苹果公司亚太大中华区开发者关系团队一行三人。来访目的为增进了解和探讨内容开发技术，本次来访未达成实质内容合作。公司仅为VisionPro全球内容开发者之一，目前未有内容上线其平台。其平台在开发者合作层面为应用审核形式，后续公司开发的内容能否上线该平台亦存在不确定性，对公司经营业绩不构成重大影响。敬请广大投资者切勿盲目跟风炒作，注意投资风险。
global,2024-01-19 07:50:07,当地时间1月18日，美国前总统特朗普向美国最高法院提交了辩护状，要求最高法院推翻科罗拉多州基于宪法第14修正案第三条“叛乱禁令”将其从2024年总统选举投票中除名的裁决。最高法院将于2月8日就此案听取口头辩论，这可能决定特朗普在科罗拉多州的政治未来以及他在全国各州保留投票权的能力。（央视新闻）
global,2024-01-19 07:49:57,“新美联储通讯社”Nick Timiraos：基于12月CPI和PPI数据，预计美国12月核心PCE环比轻微地上升0.17%，使得同比升幅放缓至2.9%。  |https://wpimg-wscn.awtmt.com/a770b615-b26e-414a-9957-683f2e607170.jpg|
global,2024-01-19 07:47:16,加密数字货币交易所Coinbase：相比投资股票或债券，在交易所购买加密数字货币更像是在收集豆宝宝（Beanie Babies ）。<p>见闻美股注：Coinbase于1月17日在美国纽约联邦法庭关于“美国证券交易委员会（SEC）指控其销售未经登记的证券”官司的听证会上做出如上对比。</p>
global,2024-01-19 07:45:42,科技股力挺美股指全线反弹，纳指涨超1%，抹平新年跌幅，纳斯达克100收创历史新高。发改委：将多出有利于稳预期、稳增长、稳就业的政策，审慎出台收缩性、抑制性举措，突出做好推进高水平科技自立自强、扩大内需等七方面工作。3纳米晶圆供不应求，台积电四季度净利润、营收全面优于预期，预计2024年营收增长超20%。美国参议院通过联邦政府短期支出法案，约20%将到期政府资金有望短期“续命”。欧洲央行12月会议纪要：高利率将持续一段时间，经济“硬着陆”担忧缓解。美军与胡塞武装激烈交锋，拜登称对该组织的空袭还会继续。IEA再次上调2024年石油需求增长预期，但仍只是去年一半。抖音宣布精品微短剧扶持计划，最高给予1亿流量扶持。美银在一片质疑声中看好苹果，上调评级至买入，预计股价将涨超20%；苹果收涨超3%，抹平开年来跌幅。
global,2024-01-19 07:35:24,在日本CPI数据发布后，美元兑日元短线上扬约10点转涨，最高触及148.17。最新数据显示，继PPI同比持平之后，日本12月CPI(除生鲜食品)同比升幅连续第二个月放缓，让日本央行更有理由在下周货币政策会议上继续维持负利率政策不变。  |https://wpimg-wscn.awtmt.com/74c094f8-201f-4e07-a90b-73d7934e9de0.png|
global,2024-01-19 07:30:09,日本12月CPI(除生鲜食品及能源)同比 3.7%，预期 3.7%，前值 3.8%。
global,2024-01-19 07:30:06,日本12月CPI同比 2.6%，预期 2.5%，前值 2.8%。
global,2024-01-19 07:30:03,日本12月CPI(除生鲜食品)同比 2.3%，预期 2.3%，前值 2.5%。
global,2024-01-19 07:10:47,澳大利亚S&P/ASX 200指数上涨1.1%，在悉尼盘初报7427点。
global,2024-01-19 07:08:41,苹果公司：将针对员工购买混合头显设备Vision Pro提供25%的折扣优惠。预计外科手术和培训都是Vision Pro在未来获得增长的领域。  |https://wpimg-wscn.awtmt.com/7944f588-f3ed-48ae-8590-9d10b3c2771b.jpg|
global,2024-01-19 07:03:14,据黎巴嫩国家通讯社消息，当地时间1月18日，黎巴嫩真主党发表声明，谴责美国将也门胡塞武装重新列为恐怖组织，称这是“不公正、霸道且无效的决定”，是美国多年来对也门侵略的延续。（央视新闻）
global,2024-01-19 07:02:31,交通运输部科学研究院今天（19日）发布中国运输生产指数，数据显示，2023年12月我国运输生产保持恢复发展态势。2023年12月，中国运输生产指数CTSI为176.9点，同比增长25.3%。分结构看，CTSI货运指数为204.2点，同比增长8.1%。货运指数连续5个月保持在8%以上的较快增长区间，货运需求持续增加。CTSI客运指数为102.4点，同比增长102.9%。人员流动更加活跃，总体平稳有序。（央视）
global,2024-01-19 06:58:48,达沃斯｜贝恩资本资深顾问Pagliuca：人工智能（AI）领域可能也会出现类似1999年科技泡沫那样的事。
global,2024-01-19 06:57:06,多家碳酸锂企业及多位业内专家透露，近期澳大利亚锂矿企业通过减产、停产等方式“挺价”的行为或为锂价企稳带来一定支撑。同时，正极材料、动力电池厂商等春节后开工“补库存”预期将带动碳酸锂采购，也会为锂价稳定起到一定作用。整体来看，碳酸锂有望在2024年止住下跌势头并出现小幅反弹。除了市场关心的价格问题外，基于锂盐价格不会大幅反弹的判断，业内普遍认为今后锂矿端的投资热度将大幅降温，行业在恢复理性投资的同时，如何通过技术、工艺创新降低成本、增强竞争力将成为新看点，而低成本的盐湖提锂企业竞争优势或逐步凸显。（上证报）
global,2024-01-19 06:54:30,麦格理集团由Vikas Dwivedi牵头的分析师发布的一份报告显示，中东地区的紧张局势不太可能导致原油供应减少，因为多数相关方的回应方式似乎都旨在避免事态的严重升级。风险并非为零，但未来1-2个月最有可能的情境是随着加沙冲突持续，胡塞与沙特继续就也门内战进行谈判，仍将有事件发生，且事态会小规模升级。红海袭击事件对市场而言是最大的物流和整体供应风险来源。
global,2024-01-19 06:47:19,机器人聊天工具ChatGPT开发公司OpenAI的CEO兼联合创始人Sam Altman表示，OpenAI对他戏剧性又迅速反转的解雇不如这个世界试图让人工智能拥有人类能力的做法般令人不安。“随着世界离强人工智能越来越近，风险、压力和紧张程度，所有这一切都将上升。”<p>Altman表示，他去年11月被董事会罢免是“一个缩影但可能不是我们面临的最紧张的经历，” 他在关于动荡世界中技术的小组讨论上说，这一事件教会了公司不要陷入“非紧急问题”难以自拔。“我们知道我们的董事会规模太小，我们也知道我们没有足够的经验，但去年对我们来说在很多方面都是如此疯狂的一年，所以我们有点忽略了这一点，” 他说。</p>
global,2024-01-19 06:43:47,当地时间1月19日凌晨，也门胡塞武装军事发言人叶海亚·萨雷亚发表声明称，胡塞武装再次通过反舰导弹袭击了一艘美国货轮并命中目标。叶海亚表示，袭击是对于美英军事行动的报复，美英的所有侵略行为都会得到相应的回应。目前美国方面对此暂无回应。（央视新闻）
global,2024-01-19 06:43:22,放眼未来，我国经济依然具备长期向好的基础。我国产业基础雄厚，资源禀赋丰富，创新能力突出，是唯一拥有联合国产业分类中全部工业门类的国家，人才资源总量、科技人力资源、研发人员总量均居全球首位，全社会研发投入、高技术产业投资连续多年保持两位数增长，云计算、大数据、人工智能等新兴技术加快应用，新产品、新业态不断涌现，发展新动能持续形成与壮大。我国经济的稳健基础与澎湃活力，将有效促进优化全球生产要素配置，提高全球生产能力，推动世界经济形成新的增长点，实现更快复苏、更好发展。
global,2024-01-19 06:42:41,据日本气象厅消息，当地时间1月19日7时6分左右，日本石川县能登半岛近海发生4.3级地震，最大震感为震度4，震源深度10公里。
global,2024-01-19 06:42:11,中国地震台网正式测定：01月19日06时24分，在四川乐山市峨边县（北纬28.92度，东经103.12度）发生3.0级地震，震源深度12公里。
global,2024-01-19 06:35:09,中国地震台网自动测定：01月19日06时12分，在汤加群岛附近（南纬19.0度，西经175.16度）发生6.8级左右地震。最终结果以正式速报为准。
global,2024-01-19 06:28:53,以色列总理内塔尼亚胡18日说，在未来巴以问题的解决方案中，以方将保持对巴勒斯坦约旦河西岸的“军事控制”。内塔尼亚胡当晚在特拉维夫举行的记者会上说，在可预见的未来，巴以问题任何解决方案都要包括以色列对“整个约旦河西岸地区实施军事控制”。内塔尼亚胡表示，以色列在加沙地带的军事行动将继续，直至实现所有目标，即被扣押的以色列人获释、消灭巴勒斯坦伊斯兰抵抗运动（哈马斯）并确保加沙地带不再对以色列构成威胁。他说，加沙地带的军事行动取得胜利还需要“漫长的几个月”。在战后，加沙地带必须实行非军事化，并置于以色列的全面安全控制之下，由以方控制进入加沙地带的一切。（新华社）
global,2024-01-19 06:25:35,土耳其阿纳多卢通讯社当地时间1月19日报道称，土耳其首位航天员格泽拉夫奇当天乘坐美国“龙”飞船，搭乘“猎鹰9”号火箭从美国佛罗里达州肯尼迪航天中心飞赴国际空间站，这是首次有土耳其宇航员进入太空。与格泽拉夫奇同行的还有来自西班牙、意大利和瑞典的三位宇航员，他们将参与“公理3号”商业载人航天任务，在国际空间站停留两周时间。报道称，在国际空间站期间，格泽拉夫奇将为土耳其的科研中心和高校完成13项科学实验。（央视新闻）
global,2024-01-19 06:20:15,英国海军：在也门沿海遭受多架无人机袭击的商船是安全的，该商船将前往下一个港口。
global,2024-01-19 06:19:06,周四（1月18日）纽约尾盘，CME比特币期货BTC主力合约报41020.00美元，较周三纽约尾盘跌4.18%，最低触及40590.00美元，逼近2023年12月1日顶部40055.00美元。CME以太币期货DCR主力合约报2460.00美元，较周三跌3.42%，最低触及2424.00美元。
global,2024-01-19 06:16:56,美国货币监理署（OCC）代理总审计师Hsu：监管部门希望从美联储贴现窗工具移除Stigma。
global,2024-01-19 06:14:46,离岸人民币（CNH）兑美元北京时间05:59报7.2160元，较周三纽约尾盘涨58点，盘中整体交投于7.2249-7.2079元区间。
global,2024-01-19 06:12:53,更好地发展新能源汽车，须多措并举，夯实产业链供应链基础，保障关键核心技术、资源供应安全，降低产品的碳足迹，提高碳生产率，持续提升新能源汽车竞争力。一方面，延续激励性政策措施，为新能源汽车发展“续航”。应以中小城市和乡村为重点，加快推进充电桩和城市停车设施建设，鼓励汽车企业开发更适合县乡村地区使用的车型，大力推动新能源汽车下乡。另一方面，突破核心技术，加强资源保障，防止新能源汽车遭遇“卡脖子”问题。加快车规级芯片、车载操作系统等核心技术攻关和生态培育，为产业发展添薪续力。
global,2024-01-19 06:12:37,也门胡塞武装表示在亚丁湾用反舰导弹袭击了一艘船只。胡塞武装发言人Yahya Saree在电视声明中表示，他们击中了Chem Ranger号船只。
global,2024-01-19 06:11:14,欧盟委员会有意否决亚马逊并购Irobot的交易。（华尔街日报）
global,2024-01-19 06:09:28,周四（1月18日）纽约尾盘，标普500股指期货最终上涨0.87%，道指期货涨0.54%，纳斯达克100股指期货涨1.51%。罗素2000股指期货跌0.01%。WTI原油期货涨1.92%，报73.87美元/桶。COMEX黄金期货涨0.93%，报2025.25美元/盎司；COMEX白银期货涨0.94%。COMEX铜期货涨0.66%，报3.7578美元/磅。
global,2024-01-19 06:05:29,巴西圣保罗证交所指数收跌0.94%，报12.7万点。巴西雷亚尔兑美元涨0.03%，报4.93雷亚尔，盘中整体交投于4.9551-4.9136雷亚尔区间。
global,2024-01-19 06:02:57,YouTube和音乐流媒体公司Spotify正加入奈飞的行列，都不打算面向苹果公司混合头显设备Vision Pro单独开发APP。1月18日，YouTube声明称，该公司不打算为苹果Vision Pro推出新的应用程序，也不会允许其长期存在的iPad应用程序在苹果Vision Pro上运行。和奈飞一样，YouTube也建议用户使用网络浏览器来浏览其内容：“YouTube用户在Vision Pro发布时可以在Safari中使用YouTube。”17日，奈飞建议，通过网站观看其流媒体视频内容。
global,2024-01-19 06:01:30,周四（1月18日）纽约尾盘，ICE美元指数跌0.05%，报103.402点，日内交投区间为103.629-103.147点。彭博美元指数跌0.03%，报1238.37点，日内交投区间为1240.36-1235.79点。美元兑日元大致持平，报148.16点，盘中交投于147.66-148.30点区间，全天呈现出V型走势。欧元兑美元跌0.06%，英镑兑美元涨0.22%，美元兑瑞郎涨0.42%；商品货币对中，澳元兑美元涨0.30%，纽元兑美元大致持平，美元兑加元跌0.15%。
global,2024-01-19 05:58:00,伊拉克民兵武装“伊斯兰抵抗组织”当地时间1月18日晚间在一则声明中称，该组织对伊拉克库尔德自治区（库区）首府埃尔比勒机场附近一处驻有美军的军事基地当天遭遇无人机袭击事件负责。（央视新闻）
global,2024-01-19 05:57:08,一份文件草案显示，为确保欧盟经济安全，欧盟考虑设立一个专项基金，用于促进军民两用技术的开发。该草案将于下周公布的一揽子经济安全计划的组成部分之一。这也是一项更广泛计划的一部分，该计划聚焦芯片、人工智能、量子计算和生物技术等关键技术以及与相关专有知识和投资。该文件列出三个选项，其中之一为一项新的工具，有其自身预算及规则，其中两个选项需要修改法律基础，因为当前项目主要侧重于民用研发。另一个选项提出了现有机制和计划项下可以实行的更多事项。（彭博）
global,2024-01-19 05:56:43,戈兰高地南部地区当地时间1月18日晚拉响防空警报。据《以色列时报》消息，当晚，有3枚火箭弹从叙利亚射向戈兰高地，落在约纳坦（Yonatan）社区附近的空地上，以军随后向火箭弹发射源予以炮击回应。（央视新闻）
global,2024-01-19 05:54:31,日前，工业和信息化部公告发布第五批符合《新能源汽车废旧动力蓄电池综合利用行业规范条件》（以下简称《规范条件》）企业名单，此次共计新增68家综合利用企业。截至目前，工信部累计公告五批共148家合规企业，包括梯次利用企业85家，再生利用企业48家，同时涉及梯次和再生利用的企业15家。据统计，公告企业的废旧动力电池综合利用量占行业总体综合利用量的90%以上，有效发挥了主渠道作用，并且在技术上引领行业发展。有关专家指出，公告的再生利用企业以湿法冶金工艺为主，锂、钴、镍等金属综合利用率达到90%以上，达到国际先进水平。（证券时报）
global,2024-01-19 05:51:49,美国众议院投票，批准临时开支法案草案。后续将移交给总统拜登签字为法律，以避免政府停摆。
global,2024-01-19 05:50:26,马斯克旗下太空探索公司SpaceX于1月18日发射运载火箭Falcon 9，首次将全组员为欧洲成员的航天器Crew Dragon送往国际空间站。
global,2024-01-19 05:50:18,地方政府出资平台越来越多参与到港股基石投资人之列。统计数据显示，2023年以来，75家港股上市公司中有47家公司引入基石投资者，占比约63%；在这47家公司中，有19家公司的基石投资者有国资背景，占比40%。这些地方出资平台瞄准了智能汽车、新能源、医药等高端制造业赛道。陕西国资投资平台榆煤基金总经理秦笙表示，地方国资投资平台做基石投资者的目的，完全追求财务收益的少，更多还是实现地方产业发展目的和国资股东相关诉求。另外，现在国资基金直接投资一级市场退出周期较长，所以也积极参与流动性更好的战略配售、定增等。（证券时报）
global,2024-01-19 05:46:40,商业银行信贷投放，微观上关乎自身经营，宏观上则是为国家实现资源优化配置。近期，多家银行透露了今年信贷投放重点，早谋划早部署，明确时序进度，为今年实现“开门红”积极备好“粮草”，总体呈现总量多增、结构优化等特点。在信贷投放结构方面，多家银行提到将聚焦制造业、科技金融、绿色金融、民营企业等方面。 （证券日报）
global,2024-01-19 05:39:29,穆迪：确认埃及Caa1评级，下调前景展望至负面。
global,2024-01-19 05:37:31,Tema心血管与代谢ETF（HRTS）收跌0.60%，报30.79美元。减肥药生产商中，安进（AMGN）涨0.13%，渤健（BIIB）涨0.69%，礼来制药（LLY）跌0.88%，诺和诺德ADR（NVO）涨0.82%，报107.55美元，逼近1月10日所创收盘历史新高108.67美元；硕迪生物ADR（GPCR）跌0.61%，福泰制药（VRTX）跌0.18%。诺和诺德哥本哈根股价（NOVOB.DC）收跌0.018%，报732.30（丹麦克朗），持续震荡于1月11日所创盘中历史新高743.90附近。
global,2024-01-19 05:36:49,英国海军：一架无人机非常靠近也门亚丁周边水域的一艘船只。
global,2024-01-19 05:34:24,纳指100 ETF收涨1.42%，美国布伦特油价基金涨1.19%，农产品基金涨1.16%，标普500 ETF、黄金ETF-SPDR、大豆基金、罗素2000指数ETF以及道指ETF至少上涨0.5%。而恐慌指数做多收盘跌3.45%，美国国债20+年ETF跌0.93%，美国房地产ETF跌0.54%。  |https://wpimg-wscn.awtmt.com/a0a10369-684a-4fc4-9b02-b706563b1c86.png|
global,2024-01-19 05:31:19,美联储1月17日当周贴现窗贷款余额23.0亿美元，之前一周21.1亿美元。1月17日当周银行定期融资贷款余额1615亿美元，之前一周1472亿美元。
global,2024-01-19 05:30:49,以星航运（ZIM.US）收跌1.22%，报13.72美元。L3Harris技术（LHX）收涨0.58%，报205.73美元。马士基ADR（AMKBY）收跌0.90%，报9.87美元。赫伯罗特ADR（HPGLY）收跌0.95%，报84.67美元。
global,2024-01-19 05:29:09,全球航空业ETF收涨3.70%，半导体ETF涨3.25%，全球科技股涨2.13%，科技行业ETF涨2.03%，网络股指数ETF涨1.31%，区域银行ETF、可选消费ETF及银行业ETF各涨至少0.5%。而公用事业ETF收跌1.07%，生物科技指数跌0.35%。  |https://wpimg-wscn.awtmt.com/0e0359c4-4224-42ce-ab5f-2b8341e84ace.png|
global,2024-01-19 05:26:26,周四（1月18日），标普500指数高开高走，收盘前十分钟内涨至日高4785.79点。标普信息技术/科技板块收涨2.03%，电信服务和工业板块涨超1.3%，可选消费板块涨超0.6%，房地产板块则跌超0.6%，公用事业板块跌超1.0%。  |https://wpimg-wscn.awtmt.com/b9b14086-9076-4a75-888d-798c4bce9988.png|
global,2024-01-19 05:24:10,特斯拉（TSLA）收跌1.70%，报211.88美元，继续逼近2023年11月9日收盘位209.98美元。
global,2024-01-19 05:17:29,摩根大通CEO戴蒙2023年总薪酬3600万美元（含150万美元薪资和3450万美元基于业绩的激励奖金），之前一年为3450万美元。
global,2024-01-19 05:16:04,重卡行业去年稳步复苏，不仅带动了整车厂商销量大增，还推动产业链上市公司业绩水涨船高。日前，长源东谷、天润工业、隆盛科技等重卡产业链企业发布2023年度业绩预告，纷纷实现大幅增长。在2023年低气价背景下，天然气重卡成为重卡市场的“黑马”，销量快速增长。西南证券研报显示，依托重卡细分市场与出口销量增长支撑，叠加国内万亿债项目逐步落地带来的内需改善，未来重卡行业仍将保持复苏态势。（中证报）
global,2024-01-19 05:15:16,富时A50期指连续夜盘收涨0.36%，报10944.000点。
global,2024-01-19 05:14:36,截至1月18日，已有52家信托公司披露2023年未经审计财务数据。部分信托公司业绩表现亮眼，但整体来看，信托行业仍存在业绩承压、有效增长动能不足等困难，且分化趋于明显。目前，仅26家信托公司净利润实现同比正增长，其中上海信托净利润同比增长超400%；仅有47.05%的信托公司营业收入保持增长，其中上海信托、中粮信托、江苏信托等公司位于增幅前列。此外，信托业务收入承压较为明显，行业在转型中探索增长新动能仍任重道远。从已经披露年报的信托公司来看，2023年实现信托业务收入正增长的公司占比未超过30%。（中证报）
global,2024-01-19 05:12:41,企业年终奖发放旺季已至，银行和银行理财公司纷纷出招，瞄准客户年终奖打理需求，或是推出专属产品，或是展开花式营销。针对客户推荐的产品大多为现金管理类或者固定收益类理财产品，也有部分贵金属业务和黄金理财产品等。业内人士提醒，投资者应从个人的风险偏好、流动性需求等方面出发进行资产配置，选择适合自己的产品，将资金均衡配置在不同的产品上，切莫随波逐流。（中证报）
global,2024-01-19 05:11:22,来自渠道机构、量化私募管理人方面的最新消息显示，高净值客户对于量化中性策略产品的关注度、认可度显著提升，发行、认购“逆势飘红”。业内人士认为，从量化中性策略的基本投资逻辑看，相关产品“供需两旺”有助于A股获得更多增量资金。业内人士表示，投资者在选择量化中性策略产品时，应充分考虑自身投资目标、风险偏好和市场环境，谨慎评估潜在的投资风险。（中证报）
global,2024-01-19 05:07:01,美国航空公司Spirit Airlines：本公司（当前）并没有追求、也不曾依法重组。没有考虑申请破产。
global,2024-01-19 05:04:23,"北美四季度可可磨屑（可可豆处理量）同比下滑3%，至103,971吨。"
global,2024-01-19 05:02:27,梅西百货计划裁员大约2350人，在公司员工总数占比大约13%。将关闭五家门店。计划提高供应链的自动化水平。（华尔街日报）
global,2024-01-19 05:01:02,苹果公司（AAPL）收涨3.26%，报188.63美元，美国银行因AI（人工智能）和混合头显设备Vision Pro因素而上调评级之际，在纳斯达克科技市值加权指数的成分股涨幅排名中大约第十大；表现逊色于科磊、应用材料、阿斯麦ADR、拉姆研究、高通、迈威尔科技等芯片类成分股。半导体个股中，台积电ADR在四季报发布后收涨9.79%，逼近2022年2月2日收盘位116.91美元和当年1月14日所创收盘历史最高位140.66美元。软银旗下芯片软件设计公司Arm（ARM）收涨6.26%，报74.23美元。英伟达收涨1.88%，报571.07美元，时隔一个交易日再创收盘历史新高。AMD收涨1.56%，报162.67美元，突破2021年11月29日收盘位161.91美元并创收盘历史新高。<p>人工智能（AI）概念股/ChatGPT概念股中，Bullfrog AI收涨21.94%，Guardforce AI涨约3.8%，Meta涨超2.1%，英伟达、英特尔、谷歌A、百度、亚马逊、微软、SoundHound、赛富时（Salesforce.com）至少涨超1.1%，C3.ai则收跌超1.1%，阿里巴巴跌约1.3%，BigBear.ai跌超6.7%，Jet.AI跌超11.8%。</p>  |https://wpimg-wscn.awtmt.com/59980b57-d908-49d4-8a6a-4897a24411a1.png||https://wpimg-wscn.awtmt.com/fd7a2c84-145f-4cc1-ac9e-eddf8024ed60.png||https://wpimg-wscn.awtmt.com/4fab826d-65ea-47b8-84d3-6cbc148735ce.png|
global,2024-01-19 05:00:19,纳斯达克金龙中国指数收跌0.23%，报5571.64点。  |https://wpimg-wscn.awtmt.com/47dddec3-97fb-4a7d-9bb9-4f7035cde31f.png||https://wpimg-wscn.awtmt.com/dde48593-71e3-4c8a-babf-6a1f214fe58e.png|
global,2024-01-19 05:00:07,标普500指数收涨41.73点，涨幅0.88%，报4780.94点。道琼斯工业平均指数收涨201.94点，涨幅0.54%，报37468.61点。纳斯达克综合指数（纳指）收涨200.03点，涨幅1.35%，报15055.65点。纳斯达克100指数收涨246.01点，涨幅1.47%，报16982.29点，突破2023年12月17日收盘位16906.80点、并创收盘历史新高。纳斯达克科技市值加权指数收涨2.02%，报1326.2341点，时隔一个交易日再创收盘历史新高。纳斯达克生物科技指数收跌0.63%，报4378.29点。罗素2000指数收涨0.55%，报1923.65点。费城半导体指数收涨3.36%，报4206.52点，逼近2023年12月27日所创收盘历史最高位4214.592点。费城证交所KBW银行指数收跌0.48%，报91.80点。道琼斯KBW地区银行指数收涨0.99%，报103.68点。恐慌指数VIX收跌4.39%，报14.14。  |https://wpimg-wscn.awtmt.com/c1218232-3e07-45bd-9aba-5fc8f899e57c.png|
global,2024-01-19 04:54:28,1月18日，股票型ETF显著放量，成交额突破890亿元。其中，华泰柏瑞沪深300ETF、华夏上证50ETF成交额突破百亿元，创下自2016年以来的单日新高。并且，本周A股股票型ETF合计净流入金额已超270亿元，远超上周的87.74亿元。业内人士分析，大资金流入宽基ETF，一方面，反映出投资者对于市场整体回暖、估值修复的良好预期；另一方面，存在投资者调整策略风格、对权益仓位中的资产进行置换的可能性。（中证报）
global,2024-01-19 04:52:53,周四（1月18日）纽约尾盘，美国10年期基准国债收益率上涨4.01个基点，报4.1420%，盘中交投于4.0693%-4.1516%区间。两年期美债收益率下跌0.63个基点，报4.3545%，盘中交投于4.3778%-4.3080%区间。三个月期国库券/10年期美债收益率利差涨5.468个基点，报-122.733个基点。02/10年期美债收益率利差涨4.448个基点，报-21.462个基点。美国10年期通胀保值国债（TIPS）收益率跌0.63个基点，报1.7921%。美国财政部标债结果出炉前曾涨至日高1.8188%，美股盘前（欧股早盘）则曾跌至日低1.7646%。
global,2024-01-19 04:51:57,备受瞩目的2024年美国拉斯维加斯消费电子展（CES）已于近日落下帷幕，这一年度科技盛会共吸引了全球150多个国家和地区的4000多家企业参加，其中中国企业不仅数量多、规模大，其展示的技术更是令人眼前一亮。今年上千家中国企业“出海”参展，在屏幕显示、智能家居、人工智能、电动车、清洁能源等诸多领域彰显中国“智造”的硬实力。美国高通公司中国区董事长孟樸表示，CES舞台上中国企业展示的科技含量和产品层次较几年前有了很大提升。这体现了中国企业参展CES的一个趋势转变，从数量和规模到产品高端化、技术创新的转变。（经参）
global,2024-01-19 04:49:34,科创板开市四年多来，持续发挥资本市场改革“试验田”功能，稳步推进制度创新，助力上市公司高质量发展。其中，科创板股权激励制度运用最为广泛，已成为科创板公司吸引人才、留住人才、激励人才的有力工具。上交所数据显示，目前已有超过6成的科创板公司在上市后实施股权激励，其中超9成方案选择科创板创设的第二类限制性股票。实施股权激励的公司近三年业绩同比增速高于板块整体，带动研发成果接连涌现，股权激励效果逐步彰显。（经参）
global,2024-01-19 04:48:24,A股公司2023年业绩预告相继披露，一批科创板企业以“硬科技”底色，交出了“亮眼”的成绩单。《经济参考报》记者统计的数据显示，截至1月17日，共有35家科创板公司发布了2023年预计业绩信息。其中，28家科创板公司披露业绩预告，3家公司披露业绩快报，4家公司在上市公告书中进行了披露。从变动趋势看，31家公司预喜，占比近九成。其中，中科飞测、航亚科技、山外山净利润增幅领先，预计增幅分别超过861%、346%、170%；从净利润金额来看，27家公司实现净利润超过1亿元，其中传音控股、中微公司、金山办公净利润领跑。（经参）
global,2024-01-19 04:44:18,"周四（1月18日）纽约尾盘，彭博谷物分类指数涨0.67%，报37.6686点，结束之前连续五个交易日下跌的趋势，美股早盘时段一度跌至37.0979点，逼近37点关口和2021年4月7日盘中最低位36.9268点。CBOT玉米期货涨0.34%，报4.43-3/4美元/蒲式耳，美股盘初曾跌至4.36-3/4美元。CBOT小麦期货涨0.52%，报5.84-1/2美元/蒲式耳，美股早盘曾跌至5.73-1/4美元。CBOT大豆期货涨0.64%，报12.13-1/4美元/蒲式耳，豆粕期货涨0.81%，豆油期货跌0.34%。ICE原糖期货涨3.67%，报23.17美分/磅，创2023年12月8日以来新高；ICE白糖期货涨2.57%，报653.80美元/吨。ICE阿拉比卡咖啡期货涨1.40%，罗布斯塔咖啡期货跌2.79%。可可期货涨0.97%，报4491美元/吨。欧洲可可协会（ECA）数据显示，欧洲四季度可可磨屑（处理量）同比下降2.5%至350,739吨；位于新加坡的亚洲可可协会（CAA）数据显示，亚洲四季度可可磨屑同比下降8.5%至211,202吨。欧洲和亚洲众多巧克力工厂的加工规模放缓至新冠疫情以来最慢，因为可可供应量下降、价格上涨抑制需求。ICE棉花期货涨0.95%。"
global,2024-01-19 04:42:16,美国监管机构计划推出要求银行每年至少使用美联储贴现窗口一次的方案，旨在确保银行为困难时期做好准备。这份由货币监理署（OCC）、美联储（FED）和联邦存款保险公司（FDIC）闭门起草的提案是对去年地区银行危机的最新回应。这场混乱暴露出几家银行甚至没有设置好在必要时迅速从贴现窗口借款的操作。
global,2024-01-19 04:40:27,阿根廷MERVAL指数收涨0.95%，报113.5万点，连续第二个交易日创收盘历史新高。
global,2024-01-19 04:32:58,1月18日晚间，同享科技公告，预计2023年实现归母净利润1.05亿元到1.15亿元，同比增长109.17%至129.09%；硅烷科技公告，预计2023年实现归母净利润2.8亿元到3.2亿元，同比增长47.97%至69.11%。1月18日，同享科技“30CM”涨停，成交额3.61亿元。这不仅把同享科技近日跌幅全部抹平，而且使其今年以来录得8.72%的涨幅，最新总市值近30亿元。硅烷科技收盘涨3.17%，最新总市值43.37亿元。（中证报）
global,2024-01-19 04:27:02,美国投资公司协会（ICI）：货币市场基金资产规模降至5.96万亿美元，脱离历史新高5.975万亿美元、结束之前连续三周资金流入的趋势，前值5.965万亿美元。
global,2024-01-19 04:24:37,美国联邦贸易委员会（FTC）和彭博法律掌握的一份投诉称，谷歌公司没有遵守2022年7月份所做“删除敏感用户定位信息”这一承诺，受到影响的场景包括用户前往堕胎诊所。非盈利性私人研究机构EPIC（电子隐私信息中心）要求FTC调查Alphabet旗下的谷歌，因为谷歌公司在处理相关信息的方式“是不正当的，且具有欺骗性”。
global,2024-01-19 04:23:12,研究人员在1月17日出版的英国知名科学期刊《自然》一篇论文中说，格陵兰冰盖1985年至2022年间融化的冰量比先前估算大约多出20%，这可能会威胁到有助于调节全球气温和热量分配的洋流系统。先前对格陵兰冰盖的研究主要考察海平面以上部分的冰量变化，而美国国家航空航天局喷气推进实验室牵头的新研究关注到了海平面以下的冰量变化。研究人员通过分析1985年至2022年间近24万张卫星图像，推算出格陵兰冰盖减少的冰量比先前估算多约1万亿吨。（央视新闻）
global,2024-01-19 04:17:39,巴基斯坦看守政府总理卡卡尔将于1月19日召开国家安全委员会会议。据消息人士透露，国家安全委员会会议将于当地时间19日下午召开，巴基斯坦参谋长联席会议主席、陆军参谋长、海军参谋长和空军参谋长将出席。本次会议将讨论当前巴基斯坦和伊朗之间的局势。（央视新闻）
global,2024-01-19 04:10:17,巴西石油公司Petrobras的CEO：预计Rnest投资规模将达到60亿-80亿巴西雷亚尔。
global,2024-01-19 03:59:32,北约欧洲盟军总司令克里斯托弗·卡沃利18日宣布，北约从下周起至5月将举行“坚定捍卫者2024”军事演习，这是“北约数十年来最大规模的一次军演”。为期两天的北约国防部长会议18日在比利时首都布鲁塞尔结束。会议聚焦北约新防御计划的可执行性、北约的作战转型、北约对乌克兰的持续支持以及与北约伙伴的军事合作等议题。（新华社）
global,2024-01-19 03:58:30,当地时间1月18日，英国皇家海军管理的英国海事贸易运营机构称，当天也门阿什希尔（ash shihr）东南85海里处发生事故，当局正在进行调查。（央视新闻）
global,2024-01-19 03:40:56,亚马逊周四（1月18日）证实，公司正在裁减“Buy with Prime”部门的部分员工，以继续寻找削减成本的方法。亚马逊表示，此次裁员将只影响到该部门不到5%的员工。“Buy with Prime”服务允许在线商店提供与Prime会员相同的两天送货优惠。
global,2024-01-19 03:38:46,理柏：最近一周， 美国投资级债券基金获得2.273亿美元资金流入。 美国高收益债券基金获得10.0亿美元资金流入。
global,2024-01-19 03:37:36,当地时间1月18日，美国国会参议院以77票赞成、18票反对的投票结果通过了一项短期支出法案，将联邦政府的支出资金延期至3月。该法案将联邦资金截止日期延长至3月1日和3月8日。若未能通过，大约20%的政府资金（包括交通部、部分退伍军人援助以及食品和药品安全项目的资金）将在20日凌晨0时后到期。据悉，这项短期支出法案已经交给众议院，预计众议院将在当天晚些时候进行投票。（央视新闻）
global,2024-01-19 03:35:51,WTI 2月原油期货收涨1.52美元，涨幅2.09%，报74.08美元/桶。布伦特3月原油期货收涨1.22美元，涨幅1.57%，报79.10美元/桶。NYMEX 2月天然气期货收跌6.03%，报2.6970美元/百万英热单位。<p>– NYMEX 2月汽油期货收报2.1835美元/加仑。<br/>– NYMEX 2月取暖油期货收报2.6936美元/加仑。</p>
global,2024-01-19 03:27:59,据群兴玩具1月18日晚公告，公司于当天与中国移动通信集团浙江有限公司签订《算力服务合同书》，向后者采购算力服务，合同固定价格（含税）部分为2.76亿元。2023年以来，算力概念股备受二级市场追捧。其中，跨界搞算力租赁的鸿博股份，其股价在15个月内飙涨9倍。值得注意的是，群兴玩具在此次公告中承认，公司智算业务尚处于前期启动阶段，此前无开展相关业务的经验，尚不具备独立开展相关业务的技术储备。公司正在积极吸纳相关专业技术人才，构建业务开展所需的专业团队。可以说是无业务经验、无技术储备、无专业团队。（中国基金报）
global,2024-01-19 03:22:59,就关于游客反映的“观看火箭发射遇到虚假宣传”问题，“文昌发布”微信公众号1月18日下午通报初步调查情况。当地已对涉案企业虚假宣传情况予以立案，对涉案企业无证经营旅行社业务和接团领队人员无证进行导游活动的违法行为予以立案，案件正在进一步调查取证中。2024年1月17日晚，文昌市旅游和文化广电体育局接到游客投诉，称“花费2888元购买观看火箭发射内场票，实则被带到周边房顶，购买旅游产品和实际情况严重不符”。对此，该局高度重视，立即联合市市场监督管理局、市综合行政执法局等部门到现场调查处置。<p>1月18日上午，市市场监督管理局已对涉案企业神州航天科普教育基地（海南文昌）有限公司涉嫌虚假宣传情况予以立案，市综合行政执法局已对涉案企业无证经营旅行社业务和接团领队人员无证进行导游活动的违法行为予以立案，案件正在进一步调查取证中。下一步，文昌市旅游和文化广电体育局将及时向社会公布调查处置结果。该局正在研究制定进一步规范火箭发射观礼市场经营行为的相关规定，切实维护广大游客的合法权益，持续提升旅游市场法治化、规范化水平。（澎湃）</p>
global,2024-01-19 03:17:13,港股市场权重股回购动作不断。截至1月18日，开年以来港股市场回购金额超过190.6亿港元。数据显示，截至1月18日，腾讯控股2024年以来已回购达13次，共回购3411万股，累计耗资近百亿港元，位居港股回购金额之首；美团-W开年以来已连续6个交易日回购，累计回购金额达24亿港元；顺丰同城开年以来已回购12次，共耗资5448.97万港元。华泰证券研报表示，相比回购金额，回购笔数对市场阶段底部的指引作用更强，历史经验显示，恒生科技指数处于底部时，往往伴随着回购高峰。（上证报）
global,2024-01-19 03:14:18,开年以来，ETF市场热度不减，多家基金公司积极上报新品。1月17日，中国证监会官网显示，景顺长城和鹏华基金上报了中证回购ETF，华夏、易方达和博时上报了中证回购价值策略ETF。此外，易方达和东财基金上报了首批中证市场龙头50ETF。在业内人士看来，当前仍有很多具备较大发展和投资潜力的新兴市场尚未被ETF覆盖，同时，国内市场中的宽基、行业主题、聪明贝塔、ESG等也有很多领域值得深入挖掘，这些都将成为未来ETF产品的创新方向。（上证报）
global,2024-01-19 03:10:45,美国国会参议院已有足够的票数通过临时性拨款法案，投票仍在进行中。
global,2024-01-19 03:01:45,恒生指数主连夜盘收涨0.12%，报15390.000点。恒生科技指数主连夜盘收涨0.22%，报3172.00点。
global,2024-01-19 03:01:06,阿根廷12月贸易盈余10.18亿美元，分析师预期盈余2.50亿美元。12月出口52.73亿美元，进口42.55亿美元。
global,2024-01-19 03:01:03,A股整体股息率已逼近历史高位，其中上证50和沪深300股息率已达4.26%和3.16%，升至近20年高点。一名资深市场人士表示，在监管政策的推动下，近年来中国股市现金分红持续增长；同时A股不少上市公司市值仍在低位徘徊。由此，在分子向上、分母向下的双重作用下，股息率大幅攀升。从行业属性来看，持续高股息率个股主要集中在煤炭、银行、交通运输等行业板块。近3年平均股息率显示，煤炭、银行、石油石化行业股息率均超过5%，钢铁、纺织服饰、家用电器等多个行业股息率均高于3%。（上证报）
global,2024-01-19 03:01:00,在岸人民币兑美元北京时间03:00收报7.1960，较上一交易日夜盘收盘涨5点。成交量320.93亿美元。  |https://wpimg-wscn.awtmt.com/67ffaf10-f315-4f44-9bfa-7655ede28fe9.png|
global,2024-01-19 02:58:52,截至2024年1月18日19时，沪市主板已有74家公司披露2023年业绩预告。其中，52家业绩预增或扭亏为盈，预喜占比超七成。分行业来看，制造业的业绩预喜家数最多，达32家；随着“烟火气”加速回归，消费领域沪市公司同样“回暖迎春”、欣欣向荣。从“绩优生”的分布来看，龙头公司发挥“领跑”作用，带动产业链经营向好。以市场关注度较高的贵州茅台为例，公司2023年预计营收将达到1495亿元、归母净利润将达到735亿元，营收和净利润较上年增幅均超过17%，收入增速超过全年目标。（上证报）
global,2024-01-19 02:56:47,索尼电子宣布，对便携动作捕捉产品mocopi进行重大的软件升级，以支持从VRChat连接电脑。
global,2024-01-19 02:48:29,一条50公里（31英里）长、衔接波罗的海沿岸德国Mukran液化天然气（LNG）至德国LNG输送网络的输送管道取得重大进展，有望在2月份开始运营。管道运营商Gascade称，Ostsee Anbindungsleitung两个海洋区段的管线已经完工，铺设在海床上的管道完全联通。当前，还需针对OAL与位于Mukran的基建的衔接问题付出努力。
global,2024-01-19 02:45:44,COMEX 2月黄金期货收涨0.75%，报2021.60美元/盎司。COMEX 3月白银期货收涨0.61%，报22.807美元/盎司。
global,2024-01-19 02:44:23,在当地时间1月18日举行的年度记者会上，俄罗斯外长拉夫罗夫就国际热点问题发表看法。在谈到中东局势时，他表示，美国和英国打击也门是对国际法的践踏，联合国并没有赋予美国打击也门的权利。解决巴勒斯坦问题需要国际社会集体协同，但是美国已经不再习惯使用多边方式解决问题。在乌克兰问题上，拉夫罗夫说，西方国家令俄罗斯遭遇战略失败的企图已经破产。谈到俄美关系时，他说，如果美国只关注关乎自身利益的因素，俄美就不可能恢复在战略安全领域的对话。（央视新闻）
global,2024-01-19 02:42:45,达沃斯｜“元宇宙公司”Meta Platforms（原Facebook）全球事务总裁Nick Clegg：希望围绕生成式人工智能（AI）打水印出台标准。众多监管方希望，跟上全球AI迅猛发展的势头。监管部门应当优先考虑出台新的监管制度和侦测AI生成内容的技术。
global,2024-01-19 02:40:23,德国议员们批准推迟2024年联邦融资计划。据了解，德国2024年预算报告认为，将净融资390亿欧元。（彭博）
global,2024-01-19 02:30:20,上期所原油期货2403合约夜盘收涨1.99%，报564.60元人民币/桶。沪金夜盘收涨0.11%，沪银收涨0.27%。
global,2024-01-19 02:24:39,1月17日晚，证监会官网信息显示，易方达基金、华夏基金、博时基金、景顺长城基金、鹏华基金等5家公募机构同日申报首批回购系列指数ETF。具体来看，博时基金、易方达基金、华夏基金等3家公募机构申报的为中证回购价值策略ETF，景顺长城基金、鹏华基金等2家公募机构申报的则为中证回购ETF，分别对标中证回购价值策略指数和中证回购指数谈及回购系列指数ETF的投资价值，博时基金相关人士认为：“A股回购的股票除具有低估值、高ROE（净资产收益率）的特征外，公司营业收入增速、归母净利润增速都不错，具备价值性的同时也表现出一定的成长性，具备较好的投资价值。”（证券日报）
global,2024-01-19 02:18:11,阿根廷页岩油输送终端在发生泄漏之后暂停出口。
global,2024-01-19 02:16:01,周四（1月18日），美联储隔夜逆回购协议（RRP）使用规模为6182.34亿美元，上个交易日报5901.91亿美元。
global,2024-01-19 02:15:49,当地时间1月18日，据伊拉克安全部门人士透露，一架美国MQ-9“死神”无人机在伊拉克东部迪亚拉省米格达迪耶镇附近被击落，事发地周边地带已围起警戒线。（央视新闻）
global,2024-01-19 02:14:57,当地时间1月18日晚，以色列总理内塔尼亚胡在新闻发布会上表示，以色列针对巴勒斯坦伊斯兰抵抗运动（哈马斯）的军事行动“将在各条战线上继续进行，直到以方设定的所有目标都实现为止”。此外，内塔尼亚胡在回答有关加沙地带人道主义援助的问题时表示，以色列只允许防止人道主义危机所需的“最低限度”的必要援助物资进入加沙。（央视新闻）
global,2024-01-19 02:11:29,1月18日，华泰柏瑞沪深300ETF的成交额突破150亿元，超过2023年8月28日的110亿元，单日成交额位列史上第二，仅次于2015年7月6日的单日成交额199亿元。从本周一开始，华泰柏瑞沪深300ETF的成交额分别为30.3亿元、59.3亿元、42.8亿元。对于沪深300ETF成交额的突破性增长，华泰柏瑞总经理助理、指数投资部总监柳军认为，沪深300指数是一个大市值的宽基指数，与整个市场的流动性以及财政政策、经济总量相关。目前，沪深300可能是一个比较好的布局时间点，可以关注2、3月份政策可能的边际变化。
global,2024-01-19 02:10:55,摩根大通证券股份有限公司恢复跟踪中伟新材料股份有限公司，评级为超配；目标价60元人民币，即有望较最新收盘价上涨24%。恢复跟踪宁波容百新能源科技股份有限公司，评级为中性；目标价33元人民币，即可能会下跌4.5%。恢复跟踪格林美股份有限公司，评级为低配；目标价4.20元人民币，即可能会下跌17%。恢复跟踪深圳市德方纳米科技股份有限公司，评级为低配；目标价43.50元人民币，即可能会下跌24%。恢复跟踪北京当升材料科技股份有限公司，评级为中性；目标价37元人民币，即可能会下跌0.9%。
global,2024-01-19 02:02:58,自2023年全面注册制实施以来，科创板已有德马科技、凌志软件、炬光科技等公司实施并购重组，另有招商局集团战略入股凯赛生物，积极布局科创战略新兴产业。随着并购重组市场化改革新政频出，科创板并购市场的交易活跃度已有升温之势，科创板公司的并购之春或许正悄然而至。虽然科创板已实施的重大资产重组案例绝对数量不多，但都各具特色，整体趋势也在持续升温。（证券日报）
global,2024-01-19 02:02:12,美国财政部续发180亿美元10年期通胀保值国债（TIPS），得标利率1.810%——创2023年7月份以来新低（前次/2023年11月21日报2.180%、至少创2009年以来新高），投标倍数2.62（前次为2.32）。10年期TIPS收益率短线下挫将近2.0个基点，日内整体转跌，至1.8%下方，欧洲央行会议纪要发布前曾跌至日低1.7646%。
global,2024-01-19 02:00:46,美国正在调查诸多电动汽车无法在严寒天气中充电一事。
global,2024-01-19 01:56:23,据印尼气象、气候和地球物理局消息，当地时间1月19日0时36分，印度尼西亚中苏拉威西省（南纬1.10度，东经121.45度）发生5.4级地震，震源深度10千米。
global,2024-01-19 01:55:11,当地时间1月18日，美国总统拜登在离开白宫前往北卡罗来纳州发表国内政策演讲之前对记者表示，美国将继续对也门胡塞武装进行军事打击。此前，也门胡塞武装领导人阿卜杜勒·马利克·胡塞发表讲话，强烈谴责美英对也门发动的空袭，他表示，这是对也门的侵略和对也门主权的直接侵犯。（央视新闻）
global,2024-01-19 01:55:01,美国地质勘探局（USGS）：印尼POSO东北偏东92公里发生5.2级地震。
global,2024-01-19 01:53:07,LME期铜收涨42美元，报8310美元/吨。LME期铝收跌14美元，报2164美元/吨。LME期锌收跌4美元，报2462美元/吨。LME期铅收涨12美元，报2076美元/吨。LME期镍收涨77美元，报16156美元/吨。LME期锡收涨124美元，报25357美元/吨。
global,2024-01-19 01:43:56,巴西能约咨询机构Agroconsult：预计巴西2023/24年大豆产量为1.538亿吨，较上个种植年度减产3.7%。
global,2024-01-19 01:42:45,美国白宫安全委员会发言人Kirby：美国1月18日进一步打击也门胡塞武装。
global,2024-01-19 01:37:30,马士基（MAERSKB.DC ）丹麦哥本哈根股价收跌0.77%，报13535.00（丹麦克朗）。赫伯罗特（HLAG.GR）德国法兰克福股价收跌2.79%，报153.40欧元。德迅国际（KNIN.SW）瑞士股价收跌1.08%，报293.50瑞郎。
global,2024-01-19 01:32:45,当地时间1月18日，伊朗外交部就巴基斯坦实施越境军事行动发表声明。声明表示，伊朗谴责巴基斯坦当天袭击伊朗边境村庄的行动。声明表示，伊朗坚持同巴基斯坦两国间的睦邻友好政策，不允许敌人破坏两国之间友好的兄弟关系。伊朗将人民安全和国家领土完整视为红线，期望巴基斯坦政府履行职责，防止恐怖组织在巴基斯坦建立基地。声明还表示，16日发生的军事行动是伊朗边防部队针对恐怖分子的预防性行动。观察显示，该恐怖组织有计划越境进入伊朗开展恐怖活动。（央视新闻）
global,2024-01-19 01:30:11,当地时间1月18日晚间，据伊拉克民兵武装“伊斯兰抵抗组织”声明，该组织当天向叙利亚哈塞克省卡米什利机场以西的美军基地发动了无人机袭击。另据伊拉克库尔德自治区（库区）安全部门消息，伊库区首府埃尔比勒机场附近一处驻有美军的军事基地当天遭遇无人机袭击。“伊斯兰抵抗组织”对此暂未发表声明。（央视新闻）
global,2024-01-19 01:23:59,周四（1月18日）欧市尾盘，德国10年期国债收益率上涨3.3个基点，报2.349%，盘中交投于2.259%-2.352%区间。最新会议纪要显示，欧洲央行官员们担心，市场风险可能会破坏通胀下降的进程。两年期德债收益率跌1.3个基点，报2.686%，盘中交投于2.7%-2.659%区间；30年期德债收益率涨4.8个基点，报2.518%。2/10年期德债收益率利差涨4.577个基点，报-34.015个基点。法国10年期国债收益率涨3.1个基点，意大利10年期国债收益率涨0.9个基点，西班牙10年期国债收益率涨2.0个基点，希腊10年期国债收益率涨0.5个基点。
global,2024-01-19 01:18:24,当地时间1月18日，被伊朗扣押的“圣尼古拉斯”号油轮所属公司希腊帝国航运公司向总台记者表示，该船上一名希腊籍船员已被释放，正在希腊驻伊朗大使的陪同下返回希腊。帝国航运公司已与菲律宾驻伊朗大使取得联系，该大使将登船查看剩余18名菲律宾籍船员的情况。（央视新闻）
global,2024-01-19 01:17:54,周四（1月18日）欧市尾盘，英国10年期国债收益率下跌5.5个基点，报3.930%。两年期英债收益率下跌8.1个基点，报4.297%。30年期英债收益率跌4.7个基点，50年期英债收益率跌5.5个基点。2/10年期英债收益率利差涨2.649个基点，报-37.044个基点。
global,2024-01-19 01:10:08,美国财政部海外资产控制办公室 (OFAC) 当地时间1月18日发表声明，宣布美国对一家总部位于阿拉伯联合酋长国的航运公司及其18艘船舶实施制裁。声明称，这家航运公司涉嫌以高于上限的价格运载俄罗斯石油。（央视新闻）
global,2024-01-19 01:08:54,沙特经济和规划大臣费萨尔·易卜拉欣当地时间1月18日表示，沙特将主办世界经济论坛特别会议，会议定于4月28日至29日举行。（央视新闻）
global,2024-01-19 01:07:53,美国总统拜美国总统拜登表示，对也门胡塞武装分子的空袭将继续，尽管其未能制止该组织对红海商船的袭扰。当被问及美国近日来的打击行动是否有效，拜登在白宫向记者表示，“它们是否阻止了胡塞武装？没有。它们会继续吗？是的。”
global,2024-01-19 01:07:07,可再生能源协会（RFA）：天然气供应紊乱造成美国乙醇减产。
global,2024-01-19 01:05:26,美国亚特兰大联储主席博斯蒂克：预计美联储要三季度才会开始降息。在面临全球不确定性之际，呼吁对降息问题保持谨慎。
global,2024-01-19 01:03:21,国际铜夜盘收平，沪铜收跌0.03%，沪铝收跌0.35%，沪锌收跌0.55%，沪铅收涨0.40%，沪镍收涨0.39%，沪锡收涨0.12%。氧化铝夜盘收跌0.22%。不锈钢夜盘收涨0.36%。
global,2024-01-19 01:00:31,房地美：美国上周30年期按揭贷款/抵押贷款利率降至6.60%，前值6.66%。
global,2024-01-19 00:57:44,美国航空公司Spirit Airlines（SAVE）下跌23%，刷新日低。在反垄断顾虑迫使美国法官驳回捷蓝航空收购该公司的交易之后，华尔街日报报道称，Spirit Airlines探索重组相关的若干选项，正在检查资产负债表相关的若干选项。
global,2024-01-19 00:49:45,美国打击也门胡塞武装的导弹发射场所。
global,2024-01-19 00:49:20,周四（1月18日）欧市尾盘，ICE英国天然气期货涨1.33%，报69.270便士/千卡。TTF基准荷兰天然气期货涨1.90%，报28.175欧元/兆瓦时。ICE欧盟碳排放交易许可（期货价格）涨0.08%，报61.31欧元/吨。
global,2024-01-19 00:47:19,"据知情人士透露，2022年加入花旗集团的Thomas Lynch已从该行离开，2021年入职花旗负责北美地区delta-one销售的Matt Brady也已离职。此前负责美国地区股票销售，在花旗工作了16年的Tim Gately据悉也已离职。一位知情人士称， Salima Habib未来将负责北美和拉丁美洲的股票销售。花旗集团正在进行大规模重组，这家华尔街巨头将在第一季度末之前裁员5,000人。高管们此前表示，未来几年将总计裁员20,000人，节省高达25亿美元的开支。（彭博）"
global,2024-01-19 00:42:35,苹果公司（AAPL）涨超3.2%，报188.96美元，逼近2023年12月29日盘中最高位192.53美元。美国银行上调对苹果的评级至买入（之前持中性评级），称存在超过20%的上行空间，谈及即将上市的混合头显Vision Pro。
global,2024-01-19 00:41:07,贝莱德的比特币ETF规模突破10亿美元大关，成为上周九支追踪比特币现货价格的ETF上市以来首个超越这一里程碑的基金。彭博汇总的数据显示，投资者周三向该基金存入3.71亿美元，推动贝莱德比特币现货ETF(IBIT)超越了这一里程碑。富达投资紧随其后。该公司的FBTC比特币ETF周三流入3.58亿美元，创下该基金一周前推出以来的单日最高纪录。总计约有8.8亿美元流入富达的比特币ETF。贝莱德和富达推动了这种新资产的早期整合，这两家公司获得了市场上九支新ETF资金流入的68%，总额近20亿美元。
global,2024-01-19 00:36:36,美国银行CEO Moynihan：预计（美联储）将在2024年和25年（分别）降息四次。美联储将不得不不失时机地降息。美国银行“一直都会招聘”，只是力度不如巅峰时期那样显著。
global,2024-01-19 00:31:44,美国财政部拍卖四周期国库券，得标利率5.285%（上周为5.280%），投标倍数2.81（前次为2.78）。拍卖八周期国库券，得标利率5.275%（前次为5.275%），投标倍数3.06（前次为2.98）。
global,2024-01-19 00:31:02,德国DAX 30指数收涨0.83%，报16567.35点。法国CAC 40指数收涨1.13%，报7401.35点。意大利富时MIB指数收涨0.84%，报30350.53点，富时意大利综合股价银行指数收涨1.62%。英国富时100指数收涨0.17%，报7459.09点，富时250指数收涨0.44%，富时350指数收涨0.21%。
global,2024-01-19 00:30:58,欧洲STOXX 600指数收涨0.59%，报470.45点，继续下探50日均线的支撑力度（1月17日盘中曾跌穿，18日收盘时切入位在466.80点）。欧元区STOXX 50指数收涨1.13%，报4453.05点，重新收于50日均线上方（切入位报4422.38点）。富时泛欧绩优300指数收涨0.54%，报1860.46点。<p>1、欧元区蓝筹股（欧元区STOXX 50指数的成分股）中，英飞凌收涨4.81%领跑，阿斯麦ASML涨4.06%，裕信银行涨2.72%，赛峰股份和LVMH集团涨约2.5%，开云集团增长约2.2%，空中客车涨超2.0%涨幅第七大，爱马仕涨超1.7%，Prosus涨约1.6%，大众汽车则收跌超0.5%，拜耳跌超2.0%，皇家阿霍德德尔海兹集团跌3.06%表现最差。<br/>2、欧洲STOXX 600指数的所有成分股中，Flutter娱乐收涨15.34%领跑，瑞士历峰集团涨10.39%，Kinnevik投资公司涨7.52%涨幅第四大，BE半导体实业公司涨7.33%，Just Eat Takeaway.com涨7.05%，爱思强股份涨5.15%，沃尔沃汽车集团涨4.96%涨幅第十大，途易集团涨4.2%和英飞凌涨幅靠前，B&amp;M欧洲价值零售股份则收跌3.35%跌幅第六大，Essity集团跌3.66%，Embracer Group跌5.31%，Drax集团跌6.67%，Harbour能源跌8.78%，奢华腕表销售商Watsches of Switzerland Group跌36.73%表现最差。</p>
global,2024-01-19 00:27:04,据巴勒斯坦《圣城报》当地时间18日报道，在过去的37小时内，以军对约旦河西岸城市图勒凯尔姆及当地两个难民营发动的袭击，已造成8人死亡。（央视新闻）
global,2024-01-19 00:21:19,美国参议院民主党领导人Schumer：关于边境问题的磋商在正确的方向上前进。
global,2024-01-19 00:16:39,可口可乐CEO James Quincey表示，诸多减肥药不至于威胁到可口可乐这家苏打饮料生产商。Ozempic和Wegovy等药品越来越多地被用于减肥和抑制食欲等目的，如果这些药品造成消费习惯的变化，公司大范围产品将保护自身的业务。
global,2024-01-19 00:11:29,据伊拉克国家安全顾问办公室声明，当地时间1月18日，伊拉克国家安全顾问卡西姆·阿拉吉与联合国驻伊拉克副代表克劳迪奥·科尔多内（Claudio Cordone）在伊拉克库尔德自治区（库区）首府埃尔比勒举行会晤，就伊拉克库区特别是埃尔比勒的伊朗反对派团体情况等议题进行商讨。双方在会上表示将继续加强伊拉克与联合国之间的合作，并共同回顾了科尔多内和联合国代表团此前对位于埃尔比勒的伊朗反对派团体营地的走访情况。此次走访旨在审查两伊边境安全协议的后续执行情况和伊朗反对派团体被驱离后其营地的具体现况。（央视新闻）
global,2024-01-19 00:10:57,据议程表显示，美国众议院当地时间周四（1月18日）将审议权宜支出法案，以在3月初之前为政府提供资金支持，并避免部分政府部门本周末停摆。参议院计划在今天下午早些时候通过该法案。（PunchBowl）
global,2024-01-19 00:09:38,瑞银集团没能替瑞信2.5亿美元规模的不良债务资产组合找到单一买家。
global,2024-01-19 00:07:45,美国30年期国债收益率涨至4.35%，创12月11日以来新高，日内当前涨幅大约4.0个基点。
global,2024-01-19 00:05:20,雪佛龙位于哈萨克斯坦的大型油田增产项目可能要推迟至2025年二季度才能全面启动。（彭博）
global,2024-01-19 00:03:05,据乘联会微信公众号消息，本月狭义乘用车零售市场约为220.0万辆左右，环比-6.5%，受去年年初超低基数影响，同比增长70.2%。新能源零售预计80.0万辆左右，环比-15.3%，渗透率约36.4%。
global,2024-01-19 00:00:40,南非富时/JSE非洲领先40可交易指数收涨1.00%，报66009.28点。成分股瑞士历峰集团（CFR.SJ）收涨10.85%领跑，Naspers（NPN）收涨1.78%涨幅第八大，Prosus（PRX）收涨1.19%，大型煤炭和重矿物开采公司爱索资源（EXX）也涨1.19%。此外，动力煤出口商Thungela资源约（TGA）收跌1.21%。南非兰特兑美元目前涨0.71%，暂报18.9270兰特。
global,2024-01-19 00:00:01,美国1月12日当周EIA汽油库存变动 308.3万桶，预期 250万桶，前值 802.8万桶。
global,2024-01-19 00:00:01,美国1月12日当周EIA精炼油库存变动 237万桶，预期 190万桶，前值 652.8万桶。
global,2024-01-19 00:00:01,美国1月12日当周EIA原油库存变动 -249.2万桶，预期 -85万桶，前值 133.8万桶。
global,2024-01-19 00:00:01,美国1月12日当周EIA精炼厂设备利用率变化 -0.3%，预期 -0.6%，前值 -0.6%。
global,2024-01-19 00:00:01,美国1月12日当周EIA库欣地区原油库存变动 -209.9万桶，前值 -50.6万桶。
global,2024-01-18 23:57:34,伊拉克军方1月18日说，伊军方在北部萨拉赫丁省和尼尼微省之间沙漠地带的一次行动中打死4名极端组织“伊斯兰国”武装分子。伊拉克联合行动指挥部下属的安全媒体中心当天发表声明说，伊拉克军队和“部落动员组织”武装在萨拉赫丁省和尼尼微省之间的沙漠地带与“伊斯兰国”武装分子发生激烈交火，包括一名头目在内的4名武装分子被打死，一名“部落动员组织”成员死亡。据悉，“部落动员组织”隶属伊民兵武装“人民动员组织”。（央视新闻）
global,2024-01-18 23:55:23,以色列国防军1月18日发布消息称，以军部队发现并摧毁了巴勒斯坦伊斯兰抵抗运动（哈马斯）在加沙地带的武器制造中心，并找到了数十个地下隧道竖井，其中一个隧道竖井位于哈马斯武器生产部门一名高级官员的住所。以军称，哈马斯生产的火箭弹和武器通过这个隧道网络运输到加沙地带各地区。此外，在加沙地带马加齐的民宅内和周边地区，以军部队发现了数十个生产武器的车间和隧道竖井，其中包括大量武器和装备。目前哈马斯方面暂无回应。（央视新闻）
global,2024-01-18 23:54:17,据知情人士透露，Vitol Group北海原油交易员Alexander Docherty很快就会离职。Docherty的石油职业生涯起步于英国石油公司，跳槽至Trafigura交易北海油田原油三年之后，于2015年4月份加入Vitol。（彭博）
global,2024-01-18 23:50:00,提醒：北京时间00:00，美国能源信息署（EIA）发布政府版原油库存周报。
global,2024-01-18 23:48:31,CCSC Technology International Holdings Ltd.（CCTG）美国IPO首日开盘上涨43.75%，报5.75美元，此前给出的IPO发行价为每股4.00美元。该公司主要从事互连产品的销售、设计和制造，包括连接器、电缆和线束。
global,2024-01-18 23:43:51,俄罗斯交易系统现金指数RTS（美元计价）收跌0.42%，报1124.98点。莫斯科交易所（MOEX）指数收跌0.15%，报3180.59点。希腊雅典证交所综合指数收涨0.73%，报1341.10点。
global,2024-01-18 23:40:26,达沃斯｜德国财长Lindner：德国必须避免发生经济衰退。通过暂缓“债务刹车”机制来对抗欧洲央行是一个坏主意。相比支持经济增长，将优先抗击通胀。德国经济增速并不让人满意，但也没有出现危机。德国政府不存在破裂的危险。
global,2024-01-18 23:39:44,巴勒斯坦红新月会当地时间1月18日下午发布消息称，截至当天，该机构已经从埃及红新月会接收了5939辆卡车的援助物资，包括水、食物和医药用品等。其中1938车物资已转交给联合国近东巴勒斯坦难民救济和工程处（近东救济工程处）和其他相关方。（央视新闻）
global,2024-01-18 23:37:05,达沃斯｜德意志银行CEO Sewing：需要通过资本市场联盟来吸引科技行业。需要通过银行业联盟来创造欧洲冠军。欧洲需要证券化。
global,2024-01-18 23:34:58,德国博世集团（Robert Bosch GmbH）：考虑未来三年在软件和电子设备部门裁员1200人。
global,2024-01-18 23:30:49,美国能源信息署（EIA）：美国上周天然气库存下降1540亿立方英尺，周环比降幅4.62%，至3.18万亿立方英尺。
global,2024-01-18 23:29:13,据土耳其外交消息人士透露，当地时间1月18日，正在约旦访问的土耳其外长菲丹与伊拉克外长福阿德·侯赛因通电话。双方讨论了最近几天相关地区的紧张局势。菲丹指出，友好兄弟国家之间不应该出现任何问题，并表示，各方都应冷静行事，避免采取不利于稳定的举动，以缓解该地区的紧张局势。当日稍早前，菲丹还与巴基斯坦外长吉拉尼和伊朗外长阿卜杜拉希扬进行了电话交谈。（央视新闻）
global,2024-01-18 23:26:34,俄罗斯外长拉夫罗夫将于2月后期访问巴西，并出席G20会议。（塔斯社）
global,2024-01-18 23:25:46,周四（1月18日），沙特证交所全股指数收跌0.86%，报111959.07点，本周累计下跌1.30%。埃及证交所EGX 30指数收涨0.32%，报26842.67点，本周累涨5.19%，1月16日以26938.14点创收盘历史新高、17日以27169.95点创盘中历史新高。土耳其伊斯坦布尔证交所全国100指数收跌0.10%，伊斯坦布尔证交所银行指数收跌0.90%。土耳其里拉兑美元目前持平于30.13里拉附近，亚太盘初曾跌至30.1786里拉，逼近1月12日所创历史新低30.2120里拉。以色列特拉维夫交易所35指数收涨1.90%，报1839.80点，本周累跌1.19%。卡塔尔证交所指数收跌0.80%，报10318.74点，本周累跌1.40%。科威特证交所超级市场价格回报指数收跌0.31%，报7921.96点，本周累跌0.16%。迪拜金融市场综合指数收跌0.93%，阿布扎比证券市场综合指数收跌0.05%。
global,2024-01-18 23:19:48,伊拉克总理苏达尼当地时间1月18日在出席世界经济论坛2024年年会期间重申，“结束国际联盟在伊拉克境内的任务，并令其撤离伊拉克”对于伊拉克的安全与稳定是必要的，对于伊拉克与国际联盟相关国家“维持建设性双边关系”也是必要的。（央视新闻）
global,2024-01-18 23:17:08,美国费城联储主席哈克并未置评FOMC的利率政策前景。
global,2024-01-18 23:14:59,据巴勒斯坦国家通讯社1月18日报道，巴勒斯坦民族解放运动（法塔赫）就欧洲议会当天表决通过呼吁加沙地带停火的决议并呼吁加快向加沙地带巴勒斯坦人民提供人道主义援助表示欢迎。此前，欧洲议会就呼吁在加沙地带实现“永久停火”的决议草案进行投票表决，该草案最终以312票赞成、131票反对、72票弃权获得通过。（央视新闻）
global,2024-01-18 23:12:38,达沃斯｜黑石集团CEO苏世民（Schwarzman）：预计美联储将降低利率，并认为随着更多投资者押注降息，“动物本能”正重返市场。美联储降息的时间尚不明确，这在投资者中造成了“令人困惑的影响”。美国应当让金融行业（financial house）恢复正常状态。公司有意与需要出售物业以换取流动性的欧洲房地产杠杆持有者进行交易。
global,2024-01-18 23:08:41,摩根士丹利首席执行官Ted Pick表示，一旦美联储开始以具有一定可预测性的方式降低借贷成本，那么并购交易的枯竭局面应该会有所缓解。“等他们准备好，他们将在某个时刻开始降息，”Pick表示，“他们将保持谨慎。他们会深思熟虑。这种可预测性对投行业务有利，因为你有这些被困住的金融赞助商投资组合亟待释放。”（彭博）
global,2024-01-18 23:05:36,据知情人士，黑客们2023年从美国多家医疗保健机构窃取（共计）750万美元（来自拜登政府卫生部的）拨款。（彭博）
global,2024-01-18 23:00:38,焦煤夜盘收涨1.14%，玉米淀粉涨1.13%，纯碱涨1.12%，棕榈油涨1.01%，铁矿石涨0.86%，低硫燃油、苯乙烯、甲醇、烧碱、玻璃、螺纹钢、玉米涨0.78%-0.51%，焦炭涨0.48%，菜粕、塑料、聚丙烯、棉花、菜油、热卷、豆油、棉纱、沥青、PVC、短纤、对二甲苯、LPG、豆粕、PTA、白糖至多涨0.47%。粳米夜盘收平。豆一、纸浆、豆二、乙二醇、橡胶、20号胶、合成橡胶夜盘则至多收跌0.49%，燃油跌1.25%。
global,2024-01-18 22:54:57,也门胡塞武装领导人阿卜杜勒·马利克·胡塞当地时间1月18日发表电视讲话，强烈谴责美英及其盟友对胡塞武装发动袭击，并对也门发动四轮空袭。他表示这是对也门的侵略和对也门主权的直接侵犯。阿卜杜勒·马利克·胡塞表示，这种侵略不会改变也门人民的立场，也不会改变也门人民支持巴勒斯坦人民的信念。（央视新闻）
global,2024-01-18 22:52:05,纳斯达克金龙中国指数回吐盘初超过1%的涨幅，并转而下跌。中概股万国数据目前跌4%，新东方跌2.8%，京东跌2.1%，金山云跌1.5%，阿里巴巴跌0.9%，阿特斯太阳能跌0.8%，贝壳和B站跌超0.7%，斗鱼和知乎则涨超2.6%，华住涨3.3%，虎牙涨3.4%，嘉楠科技涨3.7%，名创优品涨4.4%，复朗集团涨9.3%，达达涨幅扩大至11.37%。
global,2024-01-18 22:49:36,约旦国王阿卜杜拉二世会见了到访的土耳其外长菲丹。会见期间，阿卜杜拉二世强调了两国之间密切协调的重要性，并建议在阿拉伯-伊斯兰联合峰会部长级委员会努力的基础上，采取国际行动停止以色列对加沙地带的袭击。他还强调，需要保护平民、不间断地提供援助。阿卜杜拉二世表示，约旦反对任何驱逐加沙地带和约旦河西岸巴勒斯坦人的企图。他还强调，约旦拒绝任何分割约旦河西岸和加沙地带的企图，并表示问题真正的解决方法是在“两国方案”的基础上，建立拥有独立主权的巴勒斯坦国》。（央视新闻）
global,2024-01-18 22:46:25,据伊朗塔斯尼姆通讯社报道，伊朗外交部18日召见巴基斯坦驻伊朗临时代办，抗议巴方袭击伊朗东南部锡斯坦－俾路支斯坦省的一个村庄，要求巴方就此作出解释。报道说，伊朗外交部当天召见巴基斯坦驻伊朗临时代办，要求对方就当天早些时候发生在锡斯坦－俾路支斯坦省的爆炸事件做出解释。巴基斯坦外交部18日发表声明说，巴方当天上午袭击了伊朗锡斯坦－俾路支斯坦省的“恐怖分子”藏身处，打死多名“恐怖分子”。巴方事先获得“恐怖分子”即将制造“大规模恐怖活动”的情报，因此发起此次行动。（新华社）
global,2024-01-18 22:38:23,行业ETF中，半导体ETF涨3.11%领跑，全球科技股指数ETF、科技行业ETF、网络股指数ETF至少涨1%，能源业ETF则跌超0.3%，生物科技指数ETF跌超1.0%，医疗业ETF跌1.2%。标普500指数的11个板块中，信息技术/科技板块涨1.59%，电信服务板块涨0.58%，可选消费板块涨0.5%，能源板块则跌将近0.4%，保健板块跌1.15%。  |https://wpimg-wscn.awtmt.com/7852becb-453f-4891-8f29-5a6a70f96d6f.png||https://wpimg-wscn.awtmt.com/23e79957-186c-4301-92d2-c7e12cbd6b27.png|
global,2024-01-18 22:33:38,医疗保健公司哈门那（HUM）下跌13%，创2022年2月份以来盘中新低，该公司预计全年调整后EPS为26.09美元，分析师预计28.25美元，公司原本预计28.27美元。
global,2024-01-18 22:32:40,美股费城半导体指数盘初涨超3%，最高触及4199.381点逼近2023年12月28日所创盘中历史新高4233.728点。台积电目前涨8.1%，ARM涨6.2%——在纳指科技指数成分股中涨幅第二大，迈威尔科技涨5.8%，AMD涨3.9%，阿斯麦涨2.5%，英伟达涨约2%刷新盘中历史高位至575.20美元。AI概念股中，除英伟达之外，英特尔涨2.6%，Guardforce AI涨2.8%，Bullfrog AI涨5.3%，C3.ai涨1.3%。  |https://wpimg-wscn.awtmt.com/ecadaeca-58b0-4ad7-8d7a-f1bcc81487ca.png|
global,2024-01-18 22:32:06,道指涨0.09%，标普500指数涨0.35%，纳指涨0.94%。台积电美股开盘涨超8%，公司财年四季度净利润及营收双双超预期。花旗开盘涨0.25%，该行先前宣布裁员2万人，三名高阶主管据悉将离任。特斯拉开盘涨0.7%，公司扩大4680电池产能，进口中国电池正极。苹果美股开盘涨2%，美银美林将苹果评级从中性上调至买进。谷歌CEO据报道在备忘录中告诉员工可能会进一步裁员，母公司Alphabet股价开盘涨0.8%。壳牌美股开盘基本持平，此前公司表示将裁员数百人。美国亚特兰大联储主席博斯蒂克称如果通胀回落速度放缓，最好还是在更长时期内维持利率在更高水平。
global,2024-01-18 22:31:54,纳斯达克金龙中国指数盘初上涨1.1%，中概股达达涨6.7%，MicroAlgo涨3.8%，B站涨2.3%，好未来涨1.5%，阿特斯太阳能、百度、微博涨超1%，网易涨0.2%，京东则跌0.3%，斗鱼跌1.9%。
global,2024-01-18 22:30:38,标普500指数高开20.89点，涨幅0.44%，报4760.10点；道琼斯工业平均指数高开34.14点，涨幅0.09%，报37300.81点；纳斯达克综合指数高开138.90点，涨幅0.93%，报14994.52点。
global,2024-01-18 22:23:15,意大利将卖出20亿欧元对能源巨头埃尼集团的持股，以削减（政府）债务。
global,2024-01-18 22:21:43,据中证金牛座，不同于业内常见的“2＋20％”费率计提模式，今年新晋百亿私募顽岩资产的产品除收取1.11%/年的固定费用，业绩报酬计提标准采用阶梯状费率结构。从述热议产品合同来看，该产品为中国外贸信托发行的某某“信托计划”产品。顽岩资产相关负责人员表示，“××量化对冲X号私募证券投资基金”为换手率约100倍左右的中高频中性策略产品。费率方面，公司表示：“有参考过业内其他类似产品。该产品风格相对偏稳健，我们的费率设置方式还是较为有利于投资者的。”<p>另一位百亿量化私募渠道人士表示，通过信托机构投向于私募证券基金的产品费率计提方式大多比较灵活，在设置计提业绩水准线的基础上，策略若为市场上较为稀缺的策略且收益率可观，机构业绩计提的标准会相对较高。</p>
global,2024-01-18 22:20:16,阿根廷总统发言人Adorni：那些参与1月24日罢工的人不会获得薪酬支付。
global,2024-01-18 22:16:48,据土耳其外交消息人士透露，当地时间1月18日，正在约旦访问的土耳其外长菲丹分别与巴基斯坦外长、伊朗外长通电话。土方指出，相关地区不应该出现新问题，呼吁双方保持克制。（央视新闻）
global,2024-01-18 22:15:40,英国北爱尔兰多达17万公共部门工人因行业的薪酬问题而参与罢工，他们要求涨薪至与英国其他地区同等的水平。这些公共服务部门的工人分布在17个工会，涉及交通、护士、公务员、以及教师。
global,2024-01-18 22:15:05,当地时间1月18日，匈牙利总理府部长古亚什·盖尔盖伊表示，匈牙利政府远未与欧盟就向乌克兰提供500亿欧元援助达成协议。他补充说，目前尚不确定在即将举行的欧盟特别峰会上是否会就此问题达成协议。盖尔盖伊还称，欧盟应该向匈牙利提供的约200亿欧元资金仍被冻结。欧盟在法治和基本权利方面与匈牙利政府有分歧。（央视新闻）
global,2024-01-18 22:14:19,当地时间1月18日，欧洲议会就呼吁在加沙地带实现“永久停火”的决议草案进行投票表决，该草案最终以312票赞成、131票反对、72票弃权获得通过。这也是欧洲议会首次发出此类呼吁。（央视新闻）
global,2024-01-18 22:10:26,宏观对冲基金EDL Capital准备停止接收新客户，当前对冲基金行业普遍遭遇资金外流问题。EDL由原Moore Capital Management高管Edouard de Langlade创立。
global,2024-01-18 22:07:04,Umicore SA（UMI.BB）与微软进入人工智能（AI）平台协议，以加速自家面向电动汽车的电池原材料研究技术（Battery Materials AI）。
global,2024-01-18 22:05:38,乌克兰总统泽连斯基在社交媒体上表示，当天他与法国总统马克龙进行了电话交谈。泽连斯基表示，双方就俄乌局势和乌克兰的防务需求等进行了讨论。（央视新闻）
global,2024-01-18 22:03:09,以色列国防军当地时间18日下午发布消息称，以军在红海地区向接近以色列领空的可疑目标发射了一枚拦截弹。拦截弹发射后，埃拉特地区拉响了防空警报。以军称目前事件已经结束，不存在安全风险。据《以色列时报》随后报道，该“可疑空中目标”来自红海地区。以军目前尚未透露具体细节。（央视新闻）
global,2024-01-18 22:02:51,加沙地带卫生部门发布消息称，自去年10月7日新一轮巴以冲突爆发以来，加沙地带已有24620人死亡、61830人受伤。此外，该部门称，以军在过去24小时内对加沙地带发动了15次袭击，已造成172人死亡、326人受伤。（央视新闻）
global,2024-01-18 22:02:37,也门胡塞武装领导人Abdul Malik al-Hothi：美国和英国的打击不会改变我们的立场。美国的打击未曾影响到我们的军事力量。我们正努力提高自身的武装力量。我们现在直接与美国和英国较量。我们将继续打击那些与以色列关联的商船。警告其他国家勿要参与美国牵头的红海联盟。
global,2024-01-18 22:01:47,俄罗斯外长拉夫罗夫18日表示，俄中之间建立了广泛、高水平的合作机制，双方各领域合作快速发展。拉夫罗夫当天在盘点2023年俄罗斯外交工作年度记者会上回答新华社记者提问时说，以经济领域为例，俄中2023年双边贸易额已超过设定的2000亿美元目标，这种良好发展的态势仍将持续。此外，双方每年都会共同举办文化和教育领域活动，今年也不例外。这些活动将继续为两国开展各层级对话提供机会，助力两国关系发展。（新华网）
global,2024-01-18 22:00:52,美国上个交易日（1月17日）担保隔夜融资利率（SOFR）报5.32%，之前一天报5.32%。上个交易日有效的联邦基金利率报5.33%，之前一天报5.33%。
global,2024-01-18 21:56:46,周四（1月18日），沙特证交所全股指数收跌0.86%，报111959.07点，本周累计下跌1.30%。卡塔尔证交所指数收跌0.80%，报10318.74点，本周累跌1.40%。科威特证交所超级市场价格回报指数收跌0.31%，报7921.96点，本周累跌0.16%。埃及证交所EGX 30指数收涨0.32%，报26842.67点，本周累涨5.19%，1月16日以26938.14点创收盘历史新高、17日以27169.95点创盘中历史新高。迪拜金融市场综合指数收跌0.93%，报4052.78点。阿布扎比证券市场综合指数收跌0.05%，报9719.37点。
global,2024-01-18 21:46:43,美国首次申请失业救济人数公布后，黄金涨幅收窄，现涨0.17%，此前一度涨超0.5%。美国国债收益率小幅走高，30年期国债收益率上行3bp至4.344%，10年期国债收益率上行2.3bp至4.129%，美国2年期国债收益率上行2.5bp至4.367%。
global,2024-01-18 21:42:21,美国股指期货多数上涨，中概股盘前大涨，欧股普涨.美国亚特兰大联储主席博斯蒂克：如果抗击高通胀的成果放缓，最好还是在更长时期内维持利率在更高水平。IEA再次打脸OPEC：2024年石油市场“供应相当充足”。台积电美股盘前一度涨超8%，台积电Q4净利润及营收双双超预期。比亚迪将在印尼投资13亿美元建设产能15万辆汽车的工厂。报道：特斯拉扩大4680电池产能，进口中国电池正极。苹果美股盘前涨超2%，美银美林将苹果评级从中性上调至买进。报道：谷歌CEO在备忘录中告诉员工，可能会进一步裁员。报道：三名高阶主管据悉离开花旗股票部门，该行先前宣布裁员2万人。壳牌美股盘前走低，此前公司表示裁员数百人，首批被裁减的职位涉及低碳解决方案部门。黑石旗舰基金遭遇成立以来首次亏损，历年平均年化收益达11%。医疗保健公司哈门那（HUM）美股盘前跌超14%，公司下调全年EPS指引。日经225指数收跌0.03%，沪指收涨0.43%；恒生指数收涨0.75%。
global,2024-01-18 21:37:44,美国股指期货持续走高，纳斯达克100指数期货涨1%，标普500指数期货涨0.5%。
global,2024-01-18 21:34:58,美国首次申请失业救济人数公布后，黄金涨幅收窄，现涨0.32%，此前一度涨超0.5%。
global,2024-01-18 21:32:57,在第十三届融中资本年会上，吴晓求表示，IPO的钱不是给企业进 ICU的钱，不是救命的钱，而是发展的钱，“年轻人越来越多，你干不成有人干得成。”（澎湃）
global,2024-01-18 21:31:43,从中国石化新闻办获悉，在17日召开的达沃斯论坛期间，中国石化与bp签署了战略合作谅解备忘录。根据谅解备忘录，双方将持续加强在成品油零售、石油和天然气/液化天然气贸易活动、润滑油和船用燃料油销售、上游合作等方面的合作，并探索在低碳能源领域的潜在合作机会，特别是深化在新能源汽车充电和相关领域合作，助力交通领域的能源转型。 (上证报)
global,2024-01-18 21:30:16,美国1月费城联储制造业指数 -10.6，预期 -6.7，前值 -10.5。
global,2024-01-18 21:30:02,美国1月13日当周首次申请失业救济人数 18.7万人，预期 20.5万人，前值 20.2万人。
global,2024-01-18 21:30:02,美国1月6日当周续请失业救济人数 180.6万人，预期 184.3万人，前值 183.4万人。
global,2024-01-18 21:30:01,美国12月营建许可 149.5万户，预期 147.6万户，前值 146万户。
global,2024-01-18 21:30:01,美国12月营建许可环比 1.9%，预期 0.6%，前值 -2.5%。
global,2024-01-18 21:30:01,美国12月新屋开工环比 -4.3%，预期 -8.7%，前值 14.8%。
global,2024-01-18 21:30:01,美国12月新屋开工 146万户，预期 142.5万户，前值 156万户。
global,2024-01-18 21:22:49,武汉市第十五届人民代表大会第三次会议开幕，武汉市委副书记、市长程用文在作政府工作报告时宣布，2023年武汉市地区生产总值有望突破2万亿元。尽管谨慎地使用了“有望”两个字，但记者采访获悉，“突破”是大概率事件。（上证报）
global,2024-01-18 21:21:10,字节跳动发布全员邮件，更新绩效和激励政策。变化主要为：加快期权归属节奏，加大激励力度，让绩效好的员工获得更好的回报。具体举措包括：其一是员工期权可以更快归属。从2024年起，薪酬总包里的期权归属节奏会加快。除入职第一年外，从“按年归属”调整为“按季度归属”。同时，四年归属比例从“15%-25%-25%-35%”变成“20%-25%-25%-30%”，第一年归属比例提高。入职后调薪增发的期权，直接按季度归属。<p>其二是年终激励方式改变，绩效突出员工将获得更多期权。具体来看，即高绩效的员工能够获得总额更大的激励，并以期权形式发放。预计自2025年1月起，字节跳动员工的年度激励会由“全年奖”和“绩效期权”两部分构成。全年奖最高为3个月月薪，绩效突出的员工会获得绩效期权。</p><p>其三是绩效期权会在基数与股数上双重放大。进一步来看，在基数上，绩效期权以月薪酬总包取代月薪来计算，不仅包括月薪还包含了薪酬总包中的期权。从股数上看，绩效期权会在当期价格基础上，额外增发一定比例（约10%）。</p><p>其四是期权归属后可全额参与回购。员工获得的绩效期权，会按月匀速归属，最长不超过2年。期权归属后，即可全额参与回购。</p><p>记者了解到，内部信中，字节跳动还宣布对薪酬结构进行调整，将原来年终奖月数大于3的薪酬方案统一调整为3个月。这一措施针对的这部分员工所面临的变化是：总包不变，月薪上升。（澎湃）</p>
global,2024-01-18 21:18:06,达沃斯｜OpenAI的CEO Altman：随着通用人工智能（AGI）时代越来越近，赌注、压力、紧张程度都会与日俱增。我们每靠近强大的AI一步，所有人的疯狂程度都会增加10点。ChatGPT（机器人聊天工具）并不需要纽约时报的数据（内容）。
global,2024-01-18 21:11:17,奢华手表销售商Watches of Switzerland警告称，在英国购物者于至关重要的假日销售季对奢侈品勒紧裤腰带的情况下，销售可能低于预期。该公司称，宏观经济形势充满挑战，影响到消费者在奢侈品零售行业的开销，预计这样的挑战性环境将持续存在。预计2024年营收15.3亿-15.5亿英镑（折合至少19.4亿美元），原来预计16.5亿-17.0亿英镑。这家零售商销售的腕表品牌包括劳力士、百年灵、以及百达翡丽。Watches of Switzerland伦敦股价（WOSG.LN）跌超30%。  |https://wpimg-wscn.awtmt.com/c3a43efc-afd1-40f7-9d06-c3a71895dea8.png|
global,2024-01-18 21:10:01,摩根士丹利CEO：美国已经过了通胀峰值。
global,2024-01-18 21:01:34,波罗的海干散货指数上涨3.75%，报1357点，该指数在过去一个月下跌了41%。
global,2024-01-18 21:00:57,夜盘期货开盘，纯碱、铁矿、焦煤、焦炭、菜粕、棕榈油、烧碱涨超1%；沪锌跌近1%。
global,2024-01-18 20:56:38,中国人民银行将进一步提高货币政策委员会咨询议事效率，充分发挥货币政策委员会促进货币政策科学制定和执行的职能，加强政策沟通、稳定市场预期，为经济回升向好营造良好的货币金融环境。中国人民银行、金融监管总局将严格落实《方案》和《决定》要求，强化机构监管、行为监管、功能监管、穿透式监管、持续监管，不断完善配套制度，严把准入关口，加强与其他相关部门和地方党委政府的监管协作，履行好监管职责，推动银行卡清算机构、金融控股公司高质量发展，不断提升金融服务实体经济的能力和水平。（司法部官网）
global,2024-01-18 20:51:51,美国亚特兰大联储主席博斯蒂克：最糟糕的结果就是，FOMC降息之后，不得不重新加息。美国通胀似乎处于朝着2%回落的正轨之上。希望看到更多证据表明我们接近通胀目标2%。如果抗击高通胀的成果放缓，最好还是在更长时期内维持利率在更高水平。美国劳动力市场出现一定程度的放缓，现在看起来（劳动力供需关系）更加平衡。
global,2024-01-18 20:48:13,中共中央政治局委员、国务院副总理何立峰18日在京会见美国前财长、华平集团主席盖特纳，双方就中美关系、中国经济、资本市场等议题交换看法。何立峰表示，中国经济保持回升向好势头，高质量发展扎实推进，前景十分光明。中方将持续扩大高水平对外开放，完善市场化法治化国际化营商环境，欢迎华平共同参与中国资本市场建设，共享发展机遇。盖特纳表示，华平已进入中国30年，是来华最早的全球资产管理投资公司，将继续深耕中国市场。（新华社）
global,2024-01-18 20:46:50,日本筑波大学等机构组成的研究小组日前报告说，他们在生长于高温酸性温泉的微生物中发现了新的核糖核酸（RNA）病毒基因组。这表明，在此前未发现RNA病毒的70至80摄氏度的高温环境中，也可能有RNA病毒生存，以及有可能存在区别于现有RNA病毒两个界的第三个RNA病毒界。（新华社）
global,2024-01-18 20:42:47,最近，股指期货IC(中证500股指期货)、IM(中证1000股指期货)合约贴水程度出现逐渐扩大的现象，引发了一些机构的关注。尽管本周五合约就要到期，但截至昨日收盘，IC2401、IM2401合约的贴水幅度仍然较大。<p>有机构认为，近期股指期货贴水加深的主要推动因素除了与空头对冲有关外，还有一部分原因是部分2023年上半年发售的中证1000雪球期权遭到敲入，触发多头平仓。据机构测算，上一轮雪球集中建仓进场时间为2023年2-4月，而如今其中部分雪球的敲入线已有较大概率被跌破。（每经）</p>
global,2024-01-18 20:41:05,欧洲央行会议纪要：市场预期与（我们的）预测不一致。市场重新定价可能会破坏抗通胀进程。金融稳定前景仍然脆弱。
global,2024-01-18 20:36:37,知情人士称，美国社交媒体平台Reddit已制定3月底IPO的“详细计划”，寻求出售近10%股权。据悉，Reddit计划2月底公开申报，3月初启动路演。Reddit将在临近上市时决定所追求的估值。（路透）
global,2024-01-18 20:36:02,中证指数公司公告，中证指数有限公司将于2024年1月19日正式发布中证华福福建100指数，于2024年2月8日正式发布中证沪深港新能源汽车50指数和中证沪深港新能源汽车主题指数，为市场提供更丰富的投资标的。<p>中证沪深港新能源汽车50指数和中证沪深港新能源汽车主题指数分别从内地与香港市场中选取50只及全部业务涉及新能源汽车产业的上市公司证券作为指数样本，以分别反映内地与香港市场新能源汽车产业龙头上市公司证券和全部上市公司证券的整体表现。</p><p>中证华福福建100指数选取100只规模较大，且在盈利能力、研发投入和ESG方面表现较好的福建省上市公司证券作为指数样本，以反映福建省代表性上市公司证券的整体表现。（中证指数有限公司网站）</p>
global,2024-01-18 20:32:30,欧洲央行会议纪要：数据显示，对经济硬着陆的担忧有所缓解。金融环境大幅放松。加息行动有很大一部分尚未传导。政策对经济活动的影响预计在2024年初见顶。投机性外汇头寸指向经济了软着陆的希望。在潜在通胀方面只有模糊的信号。货币政策正在按预期发挥作用。
global,2024-01-18 20:31:49,中指研究院常务副院长黄瑜表示，据其测算，三大工程之一的城中村改造将在未来5年中带动约10亿平方米的投资规模，会对房地产市场形成有效支撑，平均到每一年，其带来的住宅新增需求约有4400万平方米，占22个城市2022年新建商品住宅销售面积的18%。城中村改造在投资带动方面也会有实质性的作用，包括土地购置和建安投资，大约有10万亿元的规模。（国是直通车）
global,2024-01-18 20:25:49,特斯拉从2023年下半年开始采购两家中国二线电池公司生产的正极极卷（电池电芯的零部件）再运到美国得州工厂生产4680电池。两家公司是特斯拉去年审核了数个中国动力电池公司的圆柱电池生产线后选择的供应商。正极极卷约占整个电芯35%的成本。这种从中国采购极卷再做成电池的做法可能会持续到今年第三季度。一位接近特斯拉的人士称，特斯拉的电池供应商松下要在今年三季度才开始投产4680电池。（《晚点 LatePost》）
global,2024-01-18 20:25:03,南亚股市｜印度国家证交所蓝筹股CNX Nifty指数收跌0.51%，报21462.25点，较1月15日所创收盘历史最高位回调超过2.87%。巴基斯坦卡拉奇证交所KSE 100指数收跌0.48%，报63259.21点。
global,2024-01-18 20:24:48,东南亚股市｜菲律宾综合指数收跌0.94%，报6510.87点。
global,2024-01-18 20:24:15,阿里大文娱董事长兼CEO樊路远宣布将代表阿里集团分管灵犀互娱，在全员信中，他称灵犀互娱未来将继续作为N公司，保持独立运营。灵犀互娱是阿里旗下的游戏开发、运营、授权出版平台，开发了《三国志·战略版》《三国志·幻想大陆》等多款手机游戏，根据应用商店情报平台Sensor Tower数据，2023年12月中国手游发行商全球收入排行榜中，灵犀互娱排名第七。（《晚点 LatePost》）
global,2024-01-18 20:20:10,提醒：北京时间20:30，欧洲央行将公布12月货币政策会议纪要，美国亚特兰大联储主席博斯蒂克（2024年FOMC票委）将就经济前景讲话。
global,2024-01-18 20:20:00,台积电美股盘前涨幅扩大至6.2%，公司Q4净利润及营收双双超预期。
global,2024-01-18 20:17:55,万科企业股份有限公司公告，“21万科02”将于2024年1月22日支付2023年1月22日至2024年1月21日期间的利息。
global,2024-01-18 20:15:12,杰富瑞将中国太保A、H股评级均上调至买进，目标价分别为21元人民币、18港元。
global,2024-01-18 20:13:58,据微信公众号“兰州公积金”消息，甘肃省兰州住房公积金管理中心2023年度发放贷款56.57亿元，同比增长93.3%，贷款发放额创历史新高。截至2023年年末，累计为18.22万户缴存人购房提供了公积金资金支持，贷款总额达533.24亿元，贷款余额247.50亿元。
global,2024-01-18 20:07:44,要客研究院发布《中国奢侈品报告》显示，2023年，全球奢侈品行业市场规模达到27232亿元，同比增长7%；中国人奢侈品消费于2023年恢复增长，录得9%增速实现10420亿元，重新回归万亿元市场规模，中国人奢侈品消费占全球奢侈品消费比重约为38%。（澎湃）
global,2024-01-18 19:59:45,高盛集团国际业务负责人Richard Gnodde称，在继续扩大业务之际，寻求扩充资产和财富管理部门的人手。高盛去年实施了裁员约3200人的计划，占员工总数的6.5%。（彭博）
global,2024-01-18 19:55:17,由于预计高端休闲旅行料需求强劲，英国航空公司计划将中英航班的中方空乘人员数量增加一倍。英国航空首席客户官Calum Laming表示，公司目前有50名驻中国的空乘人员，将再增加50名中文空乘，并在上海和北京之间均分。（彭博）
global,2024-01-18 19:55:08,医疗保健公司哈门那（HUM）美股盘前下跌11.79%，该公司预计全年调整后EPS为26.09美元，分析师预计28.25美元，公司原本预计28.27美元。预计全年EPS为20.00美元，分析师预期28.27美元，公司原本预计26.31美元。  |https://wpimg-wscn.awtmt.com/9164efe4-faff-43f9-bf67-cc66d402b245.png|
global,2024-01-18 19:53:22,滴灌通近日发布《滴灌通澳交所通用标准》，标志着滴灌通澳交所全面跨入“第二阶段”。据悉，《通用标准》旨在提供一套通用便捷的工具，通过综合统计和分析市场信息，对以下两个问题，给出市场参考值：一是对投资者而言，一张在滴灌通澳交所挂牌的每日收入分成凭证（DRO）预估收回的现金流和风险有多大；二是对融资方（小微企业）而言，出让多大比例和多长时间的收入，才能筹集足够的资金。（证券时报）
global,2024-01-18 19:45:24,美国股指期货扩大涨幅，纳斯达克100指数期货上涨0.7%。
global,2024-01-18 19:44:51,Odeon Capital将富国银行评级下调至持有。
global,2024-01-18 19:39:50,美股盘前，热门中概股多数上涨，蔚来涨超4%，哔哩哔哩、富途控股、贝壳涨超2%，爱奇艺、理想汽车涨近2%。美股大型科技股普涨，AMD涨3%，苹果、英伟达涨近2%。  |https://wpimg-wscn.awtmt.com/32e3aca8-6b9a-4334-b764-dad4a3982231.png|
global,2024-01-18 19:37:28,台积电宣布，其位于亚利桑那州的400亿美元工厂再度延迟，进一步打击了拜登政府提高关键零部件在美国本土生产的计划。台积电高管表示，位于亚利桑那州的第二座晶圆厂将在2027年或2028年投产，晚于公司早前预计的2026年；该工厂目前正在建设外壳。去年7月，公司已经宣布第一座工厂延迟，由于缺乏高技能工人且成本走高，现预计2025年方才能够开始生产4纳米芯片。（彭博）
global,2024-01-18 19:35:42,苹果美股盘前涨1.7%，此前美银美林将苹果评级从中性上调至买进。
global,2024-01-18 19:31:30,美银美林将苹果评级从中性上调至买进。
global,2024-01-18 19:29:35,多位信托业人士向记者透露，已收到监管部门下发的《信托公司管理办法（修订征求意见稿）》，与此前的管理办法相比，此次征求意见稿在薪酬管理、经营范围等方面均做出了修订。<p>业内人士称，此次征求意见稿包括总则、机构设立与变更、公司治理、经营范围和经营规则等共计七个章节，其中在公司治理方面，征求意见稿指出信托公司应当建立科学合理的薪酬管理制度，按照法定程序明确绩效薪酬延期支付和追索扣回的触发条件、适用范围、金额、方式等内容。与此同时，信托公司董事会还应当单独或者合并设立信托、战略、审计、提名、薪酬、关联交易控制、风险管理、消费者权益保护等专门委员会，消费者权益保护专门委员会负责督促信托公司依法履行受托职责，当信托公司或者其股东与受益人发生利益冲突时，保证信托公司为受益人利益服务。（上证报）</p>
global,2024-01-18 19:27:52,根据俄罗斯联邦航空运输署公布的消息，当地时间1月18日将对莫斯科空域部分飞机和直升机航线实施临时管制措施。莫斯科伏努科沃机场正常运营，谢列梅捷沃机场部分降落航班将受到影响，多莫杰多沃机场将不受措施影响。（央视新闻）
global,2024-01-18 19:27:32,水羊股份：预计2023年净利润2.8亿元-3.2亿元，同比增长124%–156%。
global,2024-01-18 19:20:33,市场监管总局等三部门联合发布公告：加强重点儿童和学生用品安全管理。禁止学生携带不符合产品质量安全标准、易引起暴力等不良行为倾向的用品进入校园。（看看新闻）
global,2024-01-18 19:16:08,龙光集团公告称，公司及其财务顾问将继续与债权人进行积极且具建设性的磋商，以尽快就公司境外债务的整体重组达成一致意见。龙光集团表示，为进一步加快境外债务重组工作进度及加强与债权人的沟通，公司已委聘安迈融资顾问有限公司加入公司境外债务重组的联合财务顾问团队，为公司境外债务及整体资本结构的重组提供顾问及咨询服务。此前，龙光集团已披露了公司境外债的重组方案。
global,2024-01-18 19:15:14,国务院新闻办今天举行新闻发布会，国家发展改革委相关负责人表示，国家发展改革委将会同有关方面采取更多务实举措，不断优化民营经济发展环境，切实解决民营企业发展困难，努力让民营企业有感有得。不断强化民营经济发展的制度和法律保障。加快推进民营经济促进法立法进程，构建促进民营经济发展的制度保障体系，从制度和法律上把对国企民企平等对待的要求落下来，促进各种所有制经济依法平等使用生产要素、公平参与市场竞争、同等受到法律保护。<p>狠抓促进民营经济发展各项政策落实落地。完善面向民营企业的信息发布机制，加大项目推介力度，鼓励和吸引更多民间资本参与国家重大工程和补短板项目建设。支持民营企业开展关键核心技术攻关，会同有关方面打造一批关键行业民营科技领军企业、专精特新中小企业和创新能力强的中小企业特色产业集群。（央视新闻）</p>
global,2024-01-18 19:10:43,土耳其外交部当地时间1月18日发表声明称，土方对伊朗袭击伊拉克和巴基斯坦境内目标导致事态升级表示担忧，呼吁伊朗、伊拉克和巴基斯坦保持常识和克制，以确保地区和平。当地时间1月16日，伊朗袭击伊拉克、叙利亚和巴基斯坦境内目标。同日，伊拉克总统拉希德发表声明，强烈谴责这一袭击，称侵犯了伊拉克主权，破坏了伊拉克安全与稳定。17日，巴基斯坦外交部宣布召回该国驻伊朗大使。18日，巴基斯坦外交部发表声明称，巴当天对伊朗锡斯坦-俾路支斯坦省的恐怖分子藏身处展开了精准军事打击，打死了一些恐怖分子。（央视新闻）
global,2024-01-18 19:10:00,今日债券市场指数波动幅度较大，其中不包含利息再投资的中债综合指数（净价）104.9604，上涨0.0577%，而包含利息再投资的中债综合指数（财富）236.5338，上涨0.0655%，平均市值法到期收益率为2.7331%，平均市值法久期为5.1027。（中债估值中心）<p>利率品种<br/>今日利率债市场收益率小幅波动。具体来看，SKY_3M稳定在2.01%；中债国债收益率曲线2年期下行1BP至2.26%；SKY_10Y稳定在2.51%。</p><p>信用品种<br/>今日信用债市场收益率小幅波动。具体来看，中债中短期票据收益率曲线（AAA）3M期限稳定在2.47%，3年期收益率下行1BP至2.71%，5年期收益率下行1BP至2.87%。中债中短期票据收益率曲线（A）1年期稳定在9.73%。</p>  |https://wpimg-wscn.awtmt.com/511b8667-5263-452d-a0e4-8ba627538b83.jpg|
global,2024-01-18 19:05:55,M.D.C. Holdings美股盘前涨近14%，此前报道称，日本建筑公司积水住宅株式会社（SEKISUI）将以63美元/ 股的现金价格购买M.D.C. Holdings。  |https://wpimg-wscn.awtmt.com/074100b4-19f7-4875-8843-e2b35f20772d.png|
global,2024-01-18 19:04:33,日本建筑公司积水住宅株式会社（SEKISUI）将以63美元/ 股的现金价格购买M.D.C. Holdings。（彭博）
global,2024-01-18 18:55:24,据微信公众号“山东省住房和城乡建设厅”消息，1月18日，山东省住房和城乡建设厅在济南召开全省住房城乡建设会议。2023年，山东全省新房和二手房网签1.62亿平方米、同比增长3.2%，新房网签1.25亿平方米，占全国11.3%、居全国第一位；二手房网签3671万平方米、同比增长 28.8%。
global,2024-01-18 18:54:36,据安徽省住房和城乡建设厅官网，1月18日，安徽省住房城乡建设工作会议在合肥召开。会议明确，2024年重点工作中，稳定和规范房地产市场，坚持因城施策、一城一策、精准施策，建立“人、房、地、钱”要素联动新机制，满足刚性和改善性住房需求。稳妥处置房企风险，建立以城市为单元的房地产融资协调机制，实现“保交楼”入库项目全部交付。<p>加强商品房预售资金监管。实施好“三大工程”建设，指导合肥市科学编制规划计划，加强项目谋划和储备，细化落实支持政策，加快项目开工建设。兜牢住房保障底线，新增保障性租赁住房7万套（间），发放公租房租赁补贴2万户。改造城市危旧房2351套，完成城镇老旧小区改造988个。推动灵活就业人员参加住房公积金制度。推进“好房子”建设，积极探索房屋体检、房屋养老金、房屋保险制度。</p>
global,2024-01-18 18:51:07,摩根资管在官方微信公众号发布2024年展望。其中，摩根资管中国投资总监杜猛认为，对于国内权益来讲，当前历史绝对估值分位、相对债券资产的估值均处在较高吸引力的水平，或具备长期配置价值。随着中国宏观经济预期企稳，2024年股市的整体估值有望得到一定修复。杜猛还提到，在经济逐步企稳的过程中，以供给创新打开市场需求的科技，和以供给约束形成盈利稳定性的资源禀赋类公司，或具备较好的投资比较优势。
global,2024-01-18 18:47:32,近日，北交所披露的内部数据显示，截至去年底，北交所合格投资者人数为697.07万户，约700万。记者注意到，近几只发行的北交所新股打新人数大概在20万，仅占700万总数的3%左右。科创板目前约1000万投资者，近期打新人数在350万上下波动，占比超过30%。北交所与科创板参与门槛一样，打新人数占比为何差异如此巨大？原因之一或与打新模式有关，科创板市值打新，中签前不需要缴款，而北交所则是现金打新，中签前就要缴款。近期有北交所新股缴款冻结资金就超2000亿元，引发关注。（券商中国）
global,2024-01-18 18:38:23,中国与瑞士双方日前宣布完成中瑞自贸协定（FTA）升级联合可研，一致同意支持尽快启动正式升级谈判。在今天（18日）举行的商务部例行新闻发布会上，新闻发言人介绍，中瑞双方将在进一步沟通的基础上，分别履行各自国内程序，争取尽早启动自贸协定升级谈判。双方将就货物贸易、服务贸易、投资、规则等各领域深入探讨，着力打造高水平升级协定，使两国企业和人民更多受益。（央视新闻）
global,2024-01-18 18:37:28,抖音在京举办精品微短剧“辰星计划”发布会，面向影视公司、媒体机构、MCN机构以及个人创作者，宣布将给予精品微短剧资金和流量扶持。此外，抖音2024春节档精品微短剧片单也在会上发布，10部精彩作品将在春节期间上线。微短剧在过去一年快速增长。2023年，抖音上每天主动搜索微短剧的用户数量增长2倍，播放量破亿的微短剧达500部，其中12部作品的播放量破10亿，微短剧日播放量增长了一倍。（澎湃）
global,2024-01-18 18:36:36,赣锋锂业：与韩国现代汽车签署了《长期供货协议》，约定由公司及其子公司向现代汽车供应电池级氢氧化锂产品。
global,2024-01-18 18:29:58,司尔特：公司审计部副部长黄席利等可能涉嫌职务侵占犯罪。在黄席利等拒不配合公司调查并提出辞职后，公司先后向宣城市公安局经济犯罪侦查支队、宁国市公安局经济犯罪侦查大队报案。
global,2024-01-18 18:29:44,深圳证监局发布关于对深圳市前海聚能投资产管理有限公司、刘理采取出具警示函措施的决定。经查，深圳市前海聚能投资产管理有限公司（以下简称公司）在从事私募基金业务活动中，存在未自行或者委托第三方机构对个别私募投资基金进行风险评级，未妥善保存部分私募投资基金投资者适当性管理方面资料的情形。刘理自2016年12月至2021年2月期间任公司法定代表人、总经理、执行董事，对公司上述违规行为负有责任。我局决定对深圳市前海聚能投资产管理有限公司、刘理采取出具警示函的行政监管措施。（深圳证监局网站）
global,2024-01-18 18:29:20,据叙利亚媒体报道，约旦18日空袭叙利亚南部地区，造成包括妇女儿童在内多人死亡。（新华社）
global,2024-01-18 18:26:39,刚果（布）是非洲主要产油国之一，但近两年，该国汽油却供应短缺，油价大幅上涨。据悉，刚果（布）石油产业由欧美公司掌控，原油产出后会运到欧洲等地冶炼，只有少量燃油及其附加产品会再运送回国。俄乌冲突及西方对俄制裁导致影响外溢，对这个非洲国家产生冲击。数据显示，2024年伊始刚果（布）燃油价格飙升25%。（央视财经）
global,2024-01-18 18:25:51,据阿里司法拍卖网披露的信息，昆明市西山区马街街道办事处昆明万达城地块的国有土地使用权及地上建构筑物的二次拍卖被撤回，理由是案外人对拍卖财产提出确有理由的异议。（澎湃）
global,2024-01-18 18:19:28,深交所发布2023年ETF市场发展白皮书。2023年，在全球ETF市场进一步蓬勃发展，产品数量和规模均创新高的大背景下，境内ETF市场也在股票市场波动过程中逆势取得快速发展。截至2023年底，境内ETF共有897只，总规模首次突破2万亿元大关。白皮书数据显示，截至2023年底，境内ETF共有897只，总规模达到2.05万亿元。其中，非货币ETF合计资产规模为1.84万亿元，较2022年末增长4971亿元，涨幅18.53%。尤其是以宽基ETF为主的存量产品成为配置资金的重要选择，存量ETF新增4213亿元，占市场整体规模增量的85%。（中证报）
global,2024-01-18 18:16:56,2024年1月18日，人力资源社会保障部副部长李忠会见欧盟驻华代表团大使庹尧诲，就中欧在就业和社会事务领域特别是社会保障合作进行交流，并共同见证签署中欧社保项目二期合作谅解备忘录。（人社部网站）
global,2024-01-18 18:12:34,荣盛石化：控股股东拟增持10亿元-20亿元。
global,2024-01-18 18:11:13,中国央行：1月23日进行700亿元期限3个月的国库现金定存招投标。
global,2024-01-18 18:04:34,抖音集团官微消息，1月18日，抖音举办2024精品微短剧“辰星计划”暨春节档发布会。“辰星计划”宣布，将给予精品微短剧创作者资金和流量扶持，影视公司、媒体机构、MCN机构及个人均可参与。创作者可通过联合投资和联合运营两大模式与该计划合作，最高可获得500万现金和1亿流量扶持。
global,2024-01-18 18:00:00,欧元区11月工作日调整后建筑业产出同比 -2.2%，前值 -0.7%。
global,2024-01-18 18:00:00,欧元区11月季调后建筑业产出环比 -1%，前值 -1%。
global,2024-01-18 17:56:26,当地时间1月18日，伊朗外交部发言人卡纳尼就美国将也门胡塞武装重新列为恐怖组织发表声明。卡纳尼指出，该行为是美国的挑衅行为，胡塞武装以及也门人民不会被美国的这一非建设性行动影响，而是会继续支持巴勒斯坦人民。（央视新闻）
global,2024-01-18 17:52:29,特斯拉宣布电动皮卡Cybertruck全国巡展即将开启，报名截止日期为3月31日，新车首秀城市会根据报名结果来决定。特斯拉CEO马斯克此前发文称，“Cybertruck要想在中国合法上路会很难，但可以为大家运送一些原型车进行展示。”（界面）
global,2024-01-18 17:49:15,国家统计局广东调查总队发布多项年度统计数据，其中包括2023年广东居民收入和消费支出情况。数据显示，2023年，广东居民人均可支配收入49327元，同比增长（以下如无特别说明，均为同比名义增速）4.8%；扣除价格因素，实际增长4.4%。同期，广东居民消费价格上涨0.4%，扣除食品和能源价格的核心CPI上涨0.8%；工业生产者出厂价格下降1.5%。（南方+）
global,2024-01-18 17:45:52,网易诉暴雪计算机软件著作权许可使用合同纠纷一案开庭取消。记者从上海市浦东新区人民法院独家获悉，开庭取消原因系原告撤诉。（澎湃）
global,2024-01-18 17:44:58,腾讯1月18日以10亿港元的价格购回364万股股票。
global,2024-01-18 17:42:54,又一省级数据管理机构新设挂牌。根据广东省机构改革工作部署，1月18日上午，广东省政务服务和数据管理局正式挂牌成立，标志着广东省数字化发展事业迈入全新阶段。据不完全统计，2024年开年以来，两周内，全国已有8个省级数据管理机构新设挂牌。（21财经）
global,2024-01-18 17:37:55,希音、拼多多、TikTok等新兴电商平台迅速崛起，占据了国外电商市场的较大份额。上海浦东机场海关最新统计显示，上述3家电商平台2023年出口申报量同比增长超10倍，申报出口量已占到口岸跨境电商出口申报总量的三成以上，迎来了爆发式增长。数据还显示，2023年上海空港口岸出口跨境电商申报量达4.4亿票，同比增长近2倍，创历史新高；出口总值超850亿元人民币。今年以来，上海空港口岸出口跨境电商单日峰值已突破200万单。（上证报）
global,2024-01-18 17:36:41,日前从中国供销电子商务有限公司了解到，截至2023年底，脱贫地区农副产品网络销售平台（“832平台”）累计销售额突破500亿元。（新华社）
global,2024-01-18 17:31:25,据香港证监会网站，1月18日，香港证监会和警方告诫公众，提防涉及宣称是虚拟资产交易平台的两家实体的涉嫌欺诈行为。有关实体分别以“Aramex”及“DIFX”的名称运作。DIFX以与Aramex一案相似的手法，在即时通讯软件上透过讹称是投资专家的人士利诱投资者，并向不虞有诈的投资者推介DIFX营运的网站。与Aramex的个案相同，受害人被要求存入资金至指定银行帐户，但之后便无法提取他们的资金。
global,2024-01-18 17:30:08,北上资金今日净买入隆基绿能8.16亿元、贵州茅台5.04亿元，净卖出匯川技术2.85亿元、农业银行2.53亿元。
global,2024-01-18 17:24:48,越南证交所指数收涨0.56%，报1169.06点。越南胡志明证交所/VN 30指数收涨0.63%，报1173.91点。泰国SET指数收跌0.20%，报1377.93点。马来西亚富时大马交易所吉隆坡综合指数收跌0.81%，报1479.18点。马来西亚林吉特兑美元跌0.04%，报4.7190林吉特。印尼雅加达综合指数收涨0.73%，报7252.967点。新加坡海峡时报指数收跌0.11%，报3138.82点。菲律宾综合指数收跌0.94%，报6510.87点。
global,2024-01-18 17:24:13,当地时间18日，巴基斯坦总统阿尔维就巴基斯坦在伊朗锡斯坦-俾路支省的行动发表声明。声明称，巴基斯坦不会在国家安全和领土完整上妥协，将采取一切必要措施保卫其领土，阿尔维还赞扬巴基斯坦武装部队在打击恐怖分子藏身之处同时拯救伊朗公民免遭伤亡的专业精神。<p>他还表示恐怖主义是共同挑战，需要全球努力消除恐怖主义，巴基斯坦充分尊重所有国家的主权和领土完整。阿尔维表示希望其他国家也不要违反国际法，巴基斯坦和伊朗是兄弟国家，问题需要通过对话协商解决。（央视新闻）</p>
global,2024-01-18 17:20:27,据新华社，根据《党和国家机构改革方案》要求，为保障行政法规体系的一致性、规范性和时效性，加快转变政府职能，国务院对机构改革涉及需修改的行政法规进行了清理。经清理，国务院决定对1部行政法规和2个国务院决定的部分条款予以修改：一、在《中国人民银行货币政策委员会条例》中增加一条，作为第二条：“货币政策委员会工作坚持中国共产党的领导，推动健全现代货币政策框架，重要事项报党中央、国务院。”<p>将第五条改为第六条，修改为：“货币政策委员会由下列单位和人员组成：<br/>“中国人民银行行长；<br/>“国务院副秘书长1人；<br/>“国家发展和改革委员会副主任1人；<br/>“财政部副部长1人；<br/>“中国人民银行副行长2人；<br/>“国家金融监督管理总局局长；<br/>“中国证券监督管理委员会主席；<br/>“国家统计局局长；<br/>“国家外汇管理局局长；<br/>“中国银行业协会会长；<br/>“专家委员3人。<br/>“货币政策委员会组成单位和人员的调整，由国务院决定。”<br/>将第六条改为第七条，修改为：“货币政策委员会委员包括当然委员和提名委员。中国人民银行行长、国家金融监督管理总局局长、中国证券监督管理委员会主席、国家外汇管理局局长为货币政策委员会的当然委员。货币政策委员会其他委员为提名委员，其人选由中国人民银行提名或者中国人民银行商有关部门提名，报请国务院任命。”<br/>将第八条改为第九条，将第三项中的“货币、银行”修改为“金融”。<br/>将第九条改为第十条，修改为：“货币政策委员会中的专家委员除应当符合本条例第九条规定的条件外，还应当具备下列条件：<br/>“（一）具有高级专业技术职称，从事经济金融工作10年以上，具有较高的学术水平；<br/>“（二）非国家公务员，并且不在任何营利性机构任职。”<br/>将第十条改为第十一条，修改为：“货币政策委员会委员中的中国银行业协会会长任期一般不超过5年；专家委员一届任期不超过3年，最长任期一般不超过两届。”<br/>将第十一条改为第十二条，增加一项，作为第三项：“（三）依照本条例第十一条规定任期已满的”。<br/>将第十五条第一项修改为：“（一）了解经济、金融和货币政策方面的情况”。<br/>将第二十条修改为：“货币政策委员会实行例会制度，每季度召开1次。<br/>“货币政策委员会主席或者1/3以上委员联名，可以提议召开临时会议。<br/>“中国人民银行在货币政策委员会例会召开后，采取多种方式加强预期引导和市场沟通。”<br/>将第二十一条修改为：“货币政策委员会秘书处应当在货币政策委员会例会召开前，将会议议题及有关资料送达全部委员。”<br/>将第二十四条修改为：“中国人民银行报请国务院批准有关利率、汇率或者其他货币政策重要事项的决定方案时，可以将货币政策委员会建议书或者会议纪要作为附件一并报送。”<br/>删去第十二条、第十六条第二款、第二十二条第二款。<br/>此外，对条文顺序和个别文字作相应调整和修改。<br/>二、将《国务院关于实施银行卡清算机构准入管理的决定》中的“中国银行业监督管理委员会”修改为“国家金融监督管理总局”。<br/>三、将《国务院关于实施金融控股公司准入管理的决定》第一部分“对金融控股公司实施准入管理”第三项第3点中的“中国人民银行按照宏观审慎监管要求认为需要设立金融控股公司”修改为“国家金融监督管理总局按照审慎性监管要求认为需要设立金融控股公司”。将第二部分“设立金融控股公司的条件和程序”第二项和第三部分“其他规定”第一项中的“中国人民银行会同国务院银行保险监督管理机构、国务院证券监督管理机构”修改为“国家金融监督管理总局会同中国人民银行、国务院证券监督管理机构”。将其他的“中国人民银行”修改为“国家金融监督管理总局”。</p>
global,2024-01-18 17:16:06,台积电美股盘前涨超4%，台积电Q4净利润及营收双双超预期。  |https://wpimg-wscn.awtmt.com/f1996ece-0a1d-4f70-a2a6-cb771dc4981a.png|
global,2024-01-18 17:15:50,在国家移民管理局今天召开的新闻发布会上，相关负责人介绍，2023年，全国移民管理机构共为在华常住外国人签发各类居留证件71.1万人次，在华常住外国人已恢复至2019年底的85%。（央视新闻）
global,2024-01-18 17:12:41,大连市召开新闻发布会详细解读《关于促进大连区域性金融中心高质量发展的若干政策措施》。《措施》围绕金融集聚区和功能区特色金融机构落户、业务开展、促进投资、多层次资本市场建设等方面提出29条政策措施，进一步优化金融生态，提升大连区域性金融中心竞争力。<p>《措施》提出，推动大连建设大宗商品交易集聚区，发挥大连商品交易所引领带动作用，加持高标准的激励政策，有效吸引期货经营机构和期货产业交易商落户。《措施》提高了对期货总部落户奖励标准，对新设或引进的期货公司总部，按实缴注册资本规模给予一次性奖励，最高不超过1亿元。（上证报）</p>
global,2024-01-18 17:12:41,英特尔在欧盟法院反垄断罚款诉讼中获得新的支持，欧盟法院顾问发表了不具约束力的意见。（彭博）
global,2024-01-18 17:09:20,知情人士透露，壳牌公司已开始裁员数百人，首批被裁减的职位涉及低碳解决方案部门。据悉，壳牌企业事务部门的员工已接到裁员消息，而包括项目和技术在内的其他部门员工也会陆续接到通知。（彭博）
global,2024-01-18 17:08:56,商务部召开例行新闻发布会。有媒体提问，根据韩国媒体的报道，中方批准了向韩国主要电池行业厂商出口球形石墨材料、石墨负极材料成品的申请。此举受到不少韩国企业的欢迎，消除了他们一些顾虑和担忧。请问发言人，目前石墨相关物项出口的批准情况如何？对此提问，商务部新闻发言人何亚东表示，对特定石墨物项实施出口管制是国际通行做法。为了更好维护国家安全、履行防扩散等国际义务，商务部对石墨出口管制政策进行了优化调整，并于2023年12月1日起正式实施。<p>何亚东强调说，这是中国对石墨物项实施出口管制，不是禁止出口。商务部已陆续收到了多家企业的许可申请，经依法依规审核，已批准了符合规定的出口申请，有关企业已获得两用物项出口许可证。</p><p>何亚东表示，商务部将继续依照法定程序对其他许可申请进行审核，并作出是否许可的决定。（环球网）</p>
global,2024-01-18 17:08:43,深圳市住房和建设局1月18日发布关于深圳市2024年一季度计划入市商品房房源信息情况的公示。截至2024年1月17日，深圳市2024年第一季度计划入市的商品房项目19个，预计供应房源面积为1175005.96平方米，12386套，其中：住宅1063628.20平方米，11318套；商务公寓8389平方米，60套；商业15179.11平方米，193套；办公87809.65平方米，815套。（证券时报）
global,2024-01-18 17:07:49,伦敦金属交易所（LME）：铜库存157325吨，增加3250吨。铝库存556300吨，减少1375吨。镍库存69438吨，减少72吨。锌库存204125吨，减少1575吨。铅库存112625吨，减少1725吨。锡库存7020吨，增加5吨。
global,2024-01-18 17:04:24,一、修改《中国人民银行货币政策委员会条例》。根据机构改革方案关于组建国家金融监督管理总局、不再保留中国银行保险监督管理委员会的要求，对货币政策委员会成员单位相关规定作出调整。同时，为贯彻落实党的二十大报告关于建设现代中央银行制度的精神，对货币政策委员会相关职责和工作程序等作相应完善。主要修改内容包括：一是明确规定货币政策委员会工作坚持中国共产党的领导；二是调整货币政策委员会组成单位和人员；三是进一步明确货币政策委员会委员类别和任免程序；四是完善工作程序，规定货币政策委员会实行例会制度，采取多种方式加强预期引导和市场沟通。<p>二、修改《国务院关于实施银行卡清算机构准入管理的决定》。根据机构改革方案要求，将文件中的“中国银行业监督管理委员会”修改为“国家金融监督管理总局”。</p><p>三、修改《国务院关于实施金融控股公司准入管理的决定》。根据机构改革方案关于将中国人民银行对金融控股公司等金融集团的日常监管职责划入国家金融监督管理总局的要求，将金融控股公司的审批和监管主体由“中国人民银行”修改为“国家金融监督管理总局”。（新华社）</p>
global,2024-01-18 17:02:21,市场有消息称，碧桂园澳大利亚子公司Risland Australia已就出售所持悉尼剩余地块达成协议。对此，碧桂园方面表示，目前澳洲项目在积极接洽中，推进顺利的情况下，有望在上半年完成资产出售。公司将按照相关披露要求，适时向投资者披露澳大利亚项目处置的细节，并确保处置资金的合理使用，按法律顺序进行偿付，确保公平公正对待所有利益相关方。（上证报）
global,2024-01-18 17:01:30,IEA表示，随着非OPEC+产油国的产量攀升，若无重大干扰，全球石油市场今年可能保持“相当充足的供应”。IEA将OPEC+以外的原油供应增长预估上调了约25%至150万桶/日，得益于美国、加拿大、巴西和圭亚那的供应增长。IEA在月度报告中表示，鉴于全球石油需求增长势将大幅减速，从下个季度到年底，市场可能面临供应过剩。这与OPEC周三发布的前景形成鲜明对比。<p>IEA认为去年第四季度全球石油库存增加，而不是先前预期的萎缩，进一步打击石油多头。该机构预计，受“宏观经济不利因素”和电动汽车日益普及的影响，今年全球燃料消费增长将放缓近50%至120万桶/日。</p>
global,2024-01-18 17:00:24,在今天国务院新闻办举行的新闻发布会上，国家发展改革委相关负责人介绍，“十四五”规划《纲要》实施总体上实现了“时间过半、任务过半”。从主要目标指标看，“十四五”前半程，经济增长保持在合理区间，创新驱动发展成效明显，民生福祉不断增进，绿色发展取得积极进展，安全保障能力明显增强，20项主要指标中16项基本符合或快于预期。<p>从重大战略任务看，17个方面重大战略任务总体进展顺利，科技自立自强成效初显，现代产业体系加快发展，全面推进乡村振兴实现良好开局，区域协调发展扎实推进，生态文明建设取得新进展，国家经济安全保障能力持续提升。</p><p>国家发展改革委副主任 刘苏社：从重大工程项目看，国家发展改革委会同有关部门，坚持项目跟着规划走、资金等要素跟着项目走，加强调度监测，强化要素保障，102项重大工程项目中96项进展符合预期、6项基本符合预期，有力支撑了相关领域任务落实。（央视新闻）</p>
global,2024-01-18 17:00:21,欧元区11月季调后经常帐 246.11亿欧元，前值由 338亿欧元 修正为 338.09亿欧元。
global,2024-01-18 16:59:51,商务部召开例行新闻发布会。有媒体提问，2023年中俄贸易金额达到2401亿美元，提前完成预期目标。请介绍一下，2024年中俄两国经贸和投资领域合作的重点有哪些？对此提问，商务部新闻发言人何亚东表示，近年来，中俄经贸合作持续稳定发展，2023年中俄双边货物贸易额达到2401亿美元，比上年增长26.3%。何亚东说，商务部将会同相关部门全力落实两国元首达成的重要共识，巩固中俄贸易投资合作良好势头，拓展绿色数字贸易等合作新领域，加快培育跨境电商等新业态，提升跨境互联互通水平，加强两国企业和地方间合作，不断丰富中俄经贸合作内涵。（环球网）
global,2024-01-18 16:57:58,华为“鸿蒙生态千帆启航仪式”上，三六零集团创始人周鸿祎表示，鸿蒙发展早期360就有参与，一直和华为站在一起，任何情况下都无条件支持华为。他表示，坚信鸿蒙一定会成为中国最大的操作系统，并呼吁企业一起加入鸿蒙生态，“早起的鸟儿有虫吃”，越早加入越有机会获得巨大发展。（证券时报）
global,2024-01-18 16:55:29,在鸿蒙生态千帆启航仪式上，华为终端云服务总裁朱勇刚宣布，HarmonyOS NEXT将在2024年四季度推出商用版本，与消费者正式见面。（界面）
global,2024-01-18 16:54:43,继六盘水红桥近10亿医养项目出现停息延期后，万向信托投向同一地区的地产项目也出现兑付问题。据投资人介绍，其投资的“万向信托-地产980号（六盘水新红桥阅云轩项目贷款计划资金信托计划）”自2023年8月起就已经停息，至项目到期的1月中旬本金和利息均停兑。据其了解，自2023年12月起该项目投资人持有的产品陆续到期，但均未获得兑付。（21财经）
global,2024-01-18 16:53:17,当地时间1月16日，以色列总理内塔尼亚胡和安全内阁成员在贝尔谢巴南部举行会议，以色列安全内阁部长出席会议。在会上内塔尼亚胡称，根据目前的评估，针对巴勒斯坦伊斯兰抵抗运动（哈马斯）的战斗可能会持续到2025年。（央视新闻）
global,2024-01-18 16:51:14,国家能源局18日发布的数据显示，2023年全社会用电量92241亿千瓦时，同比增长6.7%。规模以上工业发电量为89091亿千瓦时。（新华社）
global,2024-01-18 16:51:01,国家能源局18日发布的数据显示，2023年全社会用电量92241亿千瓦时，同比增长6.7%。规模以上工业发电量为89091亿千瓦时。（新华社）
global,2024-01-18 16:47:26,当地时间1月18日，伊朗内政部长表示，巴基斯坦针对伊朗东南部边境村庄的军事行动已经造成9人死亡，均为非伊朗籍人员。（央视新闻）
global,2024-01-18 16:46:49,河南全省住房城乡建设工作会议在郑州召开。会议明确，今年要重点做好十一个方面的工作。其中，全面推进城市更新。做实做细城市体检，编制城市更新规划，完善政策标准体系，加强项目谋划实施，健全工作推进机制，实施城镇污水收集处理能力提升行动。计划新开工改造城镇老旧小区25万户以上、完成“瓶改管”12万个、新建充电桩2万个，改造燃气等老旧管网4000公里以上。县市黑臭水体消除比例要达到80%。进一步提升城市精细化智慧化治理水平。<p>按照全生命周期理念，以绣花功夫推进城市治理精细化、智慧化、法治化、人性化。打好保交楼和征收安置问题项目整改歼灭战。聚力攻坚、综合施策，进一步化风险稳预期、保民生保稳定。着力构建房地产发展新模式。远近结合、标本兼治，探索完善政策机制，健全住房市场、保障体系，促进房地产业良性循环和健康发展。（河南日报）</p>
global,2024-01-18 16:46:05,1月16日，华为智能座舱与百度地图签署生态合作协议。此次签约，百度地图和华为智能座舱将在智能座舱领域共同打造车机版百度地图，将手机端百度地图的丰富体验延伸到车端，包括车道级导航、红绿灯倒计时、实时停车场导航、个性语音包等百度地图核心功能，并共同打造适用于车内地图的全场景语音交互、手车互联、仪表/HUD导航、分屏/悬浮导航等功能。该地图服务会陆续上架搭载华为智能座舱的车型。（“Apollo智能驾驶”微信公号）
global,2024-01-18 16:30:27,在岸人民币兑美元北京时间16:30官方收报7.1946，较上一交易日官方收盘价涨20点，较上日夜盘收盘涨19点。  |https://wpimg-wscn.awtmt.com/d36b4223-9c0a-4ec8-bcab-a18df8ee92ef.png|
global,2024-01-18 16:29:54,有记者提问媒体报道有一些中国企业不再购买英伟达芯片，而购买华为等国产芯片。请问商务部是否能核实此信息？对国内芯片行业发展有哪些展望？商务部发言人何亚东回应称，有关具体商业活动建议向企业了解。如果出现这种情况，原因也显而易见。中方反对有关国家干涉半导体正常贸易，干扰企业间正常交流合作。我想强调的是，中国是全球主要的半导体市场之一，我们欢迎各国半导体企业和产品进入中国，共享机遇，共赢发展。（商务部网站）
global,2024-01-18 16:26:49,据华为终端云服务微博消息，1月18日，在鸿蒙生态千帆启动仪式上，华为终端云总裁朱勇刚称，鸿蒙生态将进入第二阶段，期望携手更多开发者，加速千行百业的应用鸿蒙化。
global,2024-01-18 16:25:18,泰国总理赛塔18日在社交媒体X发文称，世界经济论坛期间，他与印度阿达尼集团创始人兼董事长高塔姆·阿达尼会面。赛塔称，阿达尼对投资泰国政府计划中的大型“陆桥”项目表现出兴趣，还同意商谈增加往返印泰航班数量。（彭博）
global,2024-01-18 16:13:39,在国务院新闻办举行的解读宏观经济形势和政策新闻发布会上，国家发展改革委政策研究室主任金贤东表示，下一步，国家发展改革委将继续发挥协调机制作用，全力做好供暖季的能源保供各项工作，确保人民群众安全温暖过冬过节。<p>一是保障能源稳定生产供应。坚持冬季能源保供日调度、日监测机制，保持煤炭、电力、天然气高位供应能力，督促各方履行好能源中长期合同，加强煤电油气品种互济和区域协同。</p><p>二是做好低温雨雪灾害等情况的应对准备。密切跟踪极端天气变化趋势，组织主要能源企业提前准备应急调峰资源，加强电网安全运行和受灾检修，做实做细电力负荷管理预案和天然气应急保供预案。</p><p>三是确保民生用能需求。压实各地区民生用能保障主体责任，重点关注农村“煤改气”“煤改电”等保供薄弱环节，对个案问题、苗头性问题第一时间采取果断措施妥善解决。（澎湃）</p>
global,2024-01-18 16:11:00,截至港股收盘，港股通（深）每日额度420.00亿元剩余415.36亿元，占比98.90%；截至港股收盘，港股通（沪）每日额度420.00亿元剩余402.56亿元，占比95.85%。
global,2024-01-18 16:10:43,恒生科技指数涨0.51%，截至收盘，恒大汽车涨超10%，融创中国涨超5%，中国恒大、华虹半导体涨超4%，百度集团、碧桂园涨超3%。
global,2024-01-18 16:08:30,印尼官员解除对波音737-9 MAX停飞的限制。
global,2024-01-18 16:06:37,据中国网，国家发改委副主任刘苏社表示，修订全国版外资准入负面清单，全面取消制造业领域外资准入限制措施。加快推动出台实施吸引和利用外资的综合性政策，通过加大支持保障政策力度、对接高标准国际经贸规则等一揽子务实举措，着力解决外资企业面临的难点堵点问题。
global,2024-01-18 16:01:55,"越南VN指数收盘涨0.6%，报1,169.06点。"
global,2024-01-18 16:01:08,德国DAX指数涨0.04%，法国CAC40指数涨0.37%，英国富时100指数跌0.12%，欧洲斯托克50指数涨0.33%。
global,2024-01-18 16:00:54,华为：目前首批200+鸿蒙原生应用正加速开发。
global,2024-01-18 16:00:09,泰国总理府副发言人Rudklao Suwankiri 1月18日在记者会表示，泰国近日发现两个潜在的锂矿产地，此外在该国东北部地区发现“大量钠矿藏”。泰国基础工业与矿业厅日前发布的初步勘探结果显示，其中一个潜在锂矿源的估计储量约为1480万吨，平均氧化锂品位为0.45%。若被授予采矿特许权证书，预计该矿源可为100万辆电池容量50千瓦时的电动汽车生产锂离子电池。（界面新闻）
global,2024-01-18 16:00:00,据中国网，国家发改委副秘书长袁达表示，今年工作重点是：要下大力气改善居民收入预期、提高消费能力、增强消费意愿；要拓展有效投资空间，持续优化投资环境，切实提高投资综合效益。
global,2024-01-18 15:58:19,国新办就宏观经济形势和政策举行发布会。国家发展改革委政策研究室主任金贤东表示，2023年，我国物价水平总体平稳，全年居民消费价格也就是CPI上涨0.2%，涨幅比2022年有所收窄。从主要原因看，2022年一些非经济、非常规的因素导致国际市场能源、食品价格大幅上涨，2023年转为明显下降，这是总体情况。下一步，我们将会同有关方面密切跟踪市场供需和价格走势变化，抓好包括食品在内的重要民生商品生产供应、产销衔接、进出口和储备吞吐调节等各环节工作，保障市场供应充裕、价格平稳运行。我们预计，在基数和周期性效应逐步减弱、市场需求稳步恢复、惠农益农政策持续显效等各个因素作用下，食品价格具备平稳运行基础。（中国网）
global,2024-01-18 15:57:41,1月18日，在国务院新闻办举行的解读宏观经济形势和政策新闻发布会上，国家发展和改革委员会副主任刘苏社表示，2023年中国经济顶住了外部压力、克服了内部困难，经济发展总体回升向好，主要预期目标圆满实现，高质量发展扎实推进，呈现“稳”“进”“好”三大特征。<p>刘苏社表示，展望2024年，我国发展仍是机遇和挑战并存。从困难挑战看，外部环境的复杂性、严峻性、不确定性上升，国内有效需求仍显不足，部分行业产能过剩，社会预期偏弱，风险隐患仍然较多，国内大循环也存在堵点。从机遇条件看，新一轮科技革命和产业变革正在重塑世界经济格局，我国高水平社会主义市场经济体制也在不断完善，中国特色社会主义制度优势持续彰显，物质基础更加坚实，产业体系更加完备，政策空间依然充足。总体上看，有利条件强于不利因素，支撑中国经济平稳健康发展的因素仍然较多。（澎湃）</p>
